EventNum, EventIDType, EventName, EventData
2,2,tackle,86
4,2,tackle,81
8,2,tackle,106
9,2,tackle,112
14,2,tackle,111
21,2,tackle,111
23,2,tackle,112
27,2,tackle,70
29,2,tackle,109
31,2,tackle,79
34,2,tackle,77
38,2,tackle,78
44,2,tackle,77
47,2,tackle,102
49,2,tackle,81
55,2,tackle,105
56,2,tackle,83
60,2,tackle,78
62,2,tackle,71
63,2,tackle,84
64,2,tackle,109
66,2,tackle,75
70,2,tackle,93
75,2,tackle,106
90,2,tackle,88
96,2,tackle,66
98,2,tackle,98
104,2,tackle,87
106,2,tackle,76
115,2,tackle,88
118,2,tackle,110
125,2,tackle,90
126,2,tackle,91
132,2,tackle,66
133,2,tackle,108
134,2,tackle,92
137,2,tackle,86
142,2,tackle,114
145,2,tackle,72
146,2,tackle,94
147,2,tackle,94
154,2,tackle,108
157,2,tackle,101
158,2,tackle,81
163,2,tackle,80
166,2,tackle,96
170,2,tackle,102
173,2,tackle,72
177,2,tackle,79
178,2,tackle,112
181,2,tackle,80
182,2,tackle,92
184,2,tackle,110
191,2,tackle,116
197,2,tackle,66
198,2,tackle,112
201,2,tackle,73
204,2,tackle,74
206,2,tackle,110
210,2,tackle,108
218,2,tackle,80
219,2,tackle,78
221,2,tackle,80
222,2,tackle,111
223,2,tackle,73
228,2,tackle,104
232,2,tackle,84
233,2,tackle,116
236,2,tackle,102
239,2,tackle,101
240,2,tackle,113
241,2,tackle,102
243,2,tackle,94
244,2,tackle,105
245,2,tackle,111
247,2,tackle,101
248,2,tackle,81
252,2,tackle,78
261,2,tackle,91
263,2,tackle,69
267,2,tackle,112
268,2,tackle,105
270,2,tackle,105
283,2,tackle,100
288,2,tackle,86
290,2,tackle,94
291,2,tackle,109
293,2,tackle,94
295,2,tackle,104
299,2,tackle,115
302,2,tackle,69
306,2,tackle,104
312,2,tackle,86
315,2,tackle,76
317,2,tackle,102
318,2,tackle,94
326,2,tackle,94
328,2,tackle,113
329,2,tackle,88
338,2,tackle,72
339,2,tackle,83
342,2,tackle,105
343,2,tackle,93
349,2,tackle,90
350,2,tackle,84
352,2,tackle,103
358,2,tackle,75
361,2,tackle,108
362,2,tackle,76
364,2,tackle,111
366,2,tackle,108
368,2,tackle,107
376,2,tackle,89
377,2,tackle,105
380,2,tackle,92
382,2,tackle,74
384,2,tackle,97
388,2,tackle,93
390,2,tackle,112
391,2,tackle,91
392,2,tackle,96
393,2,tackle,116
395,2,tackle,106
397,2,tackle,78
398,2,tackle,111
400,2,tackle,76
407,2,tackle,93
409,2,tackle,66
410,2,tackle,92
413,2,tackle,82
417,2,tackle,105
418,2,tackle,77
433,2,tackle,82
438,2,tackle,115
441,2,tackle,76
449,2,tackle,102
450,2,tackle,69
454,2,tackle,88
458,2,tackle,99
466,2,tackle,98
467,2,tackle,101
469,2,tackle,104
470,2,tackle,90
474,2,tackle,103
478,2,tackle,112
483,2,tackle,85
484,2,tackle,112
486,2,tackle,114
489,2,tackle,73
491,2,tackle,74
495,2,tackle,94
498,2,tackle,69
503,2,tackle,92
507,2,tackle,112
513,2,tackle,80
517,2,tackle,101
519,2,tackle,115
526,2,tackle,81
531,2,tackle,99
537,2,tackle,83
538,2,tackle,87
542,2,tackle,98
544,2,tackle,107
549,2,tackle,86
554,2,tackle,92
557,2,tackle,100
558,2,tackle,80
562,2,tackle,99
563,2,tackle,71
564,2,tackle,102
575,2,tackle,77
578,2,tackle,99
581,2,tackle,116
582,2,tackle,94
591,2,tackle,79
597,2,tackle,86
600,2,tackle,113
603,2,tackle,115
607,2,tackle,116
608,2,tackle,110
615,2,tackle,92
617,2,tackle,85
620,2,tackle,116
623,2,tackle,77
627,2,tackle,103
630,2,tackle,67
636,2,tackle,87
637,2,tackle,73
640,2,tackle,76
643,2,tackle,109
645,2,tackle,111
647,2,tackle,109
651,2,tackle,98
653,2,tackle,115
654,2,tackle,112
655,2,tackle,83
656,2,tackle,75
659,2,tackle,113
662,2,tackle,66
667,2,tackle,100
668,2,tackle,90
669,2,tackle,105
674,2,tackle,76
675,2,tackle,87
676,2,tackle,82
681,2,tackle,89
682,2,tackle,92
683,2,tackle,85
687,2,tackle,97
690,2,tackle,72
694,2,tackle,85
695,2,tackle,105
698,2,tackle,67
699,2,tackle,107
700,2,tackle,113
701,2,tackle,97
705,2,tackle,95
706,2,tackle,109
708,2,tackle,66
710,2,tackle,84
715,2,tackle,97
717,2,tackle,99
718,2,tackle,105
724,2,tackle,109
725,2,tackle,84
726,2,tackle,91
735,2,tackle,106
737,2,tackle,78
738,2,tackle,115
739,2,tackle,89
740,2,tackle,89
746,2,tackle,72
751,2,tackle,108
752,2,tackle,90
758,2,tackle,107
759,2,tackle,94
762,2,tackle,93
764,2,tackle,89
765,2,tackle,74
768,2,tackle,90
770,2,tackle,116
774,2,tackle,86
775,2,tackle,97
784,2,tackle,110
785,2,tackle,90
787,2,tackle,99
788,2,tackle,114
789,2,tackle,94
791,2,tackle,68
799,2,tackle,80
803,2,tackle,76
806,2,tackle,87
808,2,tackle,68
811,2,tackle,100
813,2,tackle,83
823,2,tackle,107
826,2,tackle,79
827,2,tackle,77
837,2,tackle,88
844,2,tackle,92
845,2,tackle,86
852,2,tackle,87
854,2,tackle,95
856,2,tackle,88
858,2,tackle,91
859,2,tackle,92
864,2,tackle,67
866,2,tackle,69
870,2,tackle,66
871,2,tackle,69
872,2,tackle,114
877,2,tackle,87
878,2,tackle,98
880,2,tackle,102
882,2,tackle,115
883,2,tackle,93
884,2,tackle,101
888,2,tackle,103
891,2,tackle,82
896,2,tackle,110
899,2,tackle,79
901,2,tackle,83
903,2,tackle,107
904,2,tackle,98
905,2,tackle,70
907,2,tackle,89
908,2,tackle,80
909,2,tackle,74
910,2,tackle,110
912,2,tackle,71
913,2,tackle,108
915,2,tackle,111
940,2,tackle,91
946,2,tackle,98
950,2,tackle,101
952,2,tackle,93
954,2,tackle,99
961,2,tackle,81
962,2,tackle,67
963,2,tackle,98
966,2,tackle,107
967,2,tackle,80
972,2,tackle,84
973,2,tackle,79
974,2,tackle,101
975,2,tackle,79
978,2,tackle,113
980,2,tackle,78
981,2,tackle,69
987,2,tackle,92
989,2,tackle,94
991,2,tackle,67
999,2,tackle,116
1003,2,tackle,79
1009,2,tackle,93
1014,2,tackle,90
1017,2,tackle,83
1018,2,tackle,86
1019,2,tackle,92
1021,2,tackle,99
1023,2,tackle,77
1024,2,tackle,101
1025,2,tackle,77
1026,2,tackle,85
1030,2,tackle,77
1031,2,tackle,104
1033,2,tackle,95
1036,2,tackle,79
1039,2,tackle,86
1043,2,tackle,67
1046,2,tackle,81
1050,2,tackle,80
1053,2,tackle,106
1054,2,tackle,96
1057,2,tackle,85
1060,2,tackle,105
1061,2,tackle,101
1063,2,tackle,68
1065,2,tackle,105
1068,2,tackle,112
1069,2,tackle,71
1077,2,tackle,95
1078,2,tackle,75
1079,2,tackle,116
1084,2,tackle,86
1087,2,tackle,109
1090,2,tackle,111
1100,2,tackle,106
1108,2,tackle,73
1111,2,tackle,66
1112,2,tackle,72
1116,2,tackle,116
1117,2,tackle,79
1118,2,tackle,106
1120,2,tackle,93
1121,2,tackle,66
1122,2,tackle,84
1124,2,tackle,109
1125,2,tackle,76
1132,2,tackle,81
1141,2,tackle,101
1144,2,tackle,103
1147,2,tackle,110
1148,2,tackle,85
1149,2,tackle,113
1152,2,tackle,78
1155,2,tackle,88
1160,2,tackle,98
1161,2,tackle,86
1167,2,tackle,111
1172,2,tackle,98
1173,2,tackle,112
1174,2,tackle,110
1175,2,tackle,91
1177,2,tackle,98
1181,2,tackle,91
1183,2,tackle,66
1184,2,tackle,90
1185,2,tackle,115
1186,2,tackle,93
1190,2,tackle,66
1195,2,tackle,102
1197,2,tackle,108
1198,2,tackle,74
1200,2,tackle,76
1203,2,tackle,71
1204,2,tackle,78
1207,2,tackle,109
1211,2,tackle,86
1212,2,tackle,98
1213,2,tackle,85
1214,2,tackle,81
1219,2,tackle,94
1221,2,tackle,83
1224,2,tackle,112
1226,2,tackle,114
1227,2,tackle,116
1235,2,tackle,92
1241,2,tackle,114
1243,2,tackle,102
1252,2,tackle,111
1253,2,tackle,86
1256,2,tackle,107
1262,2,tackle,97
1263,2,tackle,108
1269,2,tackle,111
1270,2,tackle,91
1272,2,tackle,79
1273,2,tackle,84
1275,2,tackle,111
1277,2,tackle,108
1280,2,tackle,77
1288,2,tackle,77
1296,2,tackle,85
1298,2,tackle,85
1299,2,tackle,109
1304,2,tackle,98
1306,2,tackle,75
1312,2,tackle,78
1313,2,tackle,101
1314,2,tackle,107
1320,2,tackle,80
1322,2,tackle,107
1323,2,tackle,77
1324,2,tackle,92
1328,2,tackle,104
1330,2,tackle,90
1332,2,tackle,67
1333,2,tackle,93
1342,2,tackle,96
1345,2,tackle,77
1347,2,tackle,87
1349,2,tackle,110
1359,2,tackle,66
1362,2,tackle,81
1364,2,tackle,101
1379,2,tackle,80
1381,2,tackle,111
1387,2,tackle,71
1390,2,tackle,85
1395,2,tackle,88
1400,2,tackle,80
1402,2,tackle,95
1408,2,tackle,111
1415,2,tackle,97
1417,2,tackle,88
1418,2,tackle,94
1421,2,tackle,78
1424,2,tackle,106
1427,2,tackle,97
1431,2,tackle,84
1437,2,tackle,102
1439,2,tackle,77
1442,2,tackle,88
1445,2,tackle,78
1446,2,tackle,109
1448,2,tackle,90
1449,2,tackle,83
1452,2,tackle,79
1456,2,tackle,107
1457,2,tackle,80
1459,2,tackle,106
1461,2,tackle,76
1462,2,tackle,89
1464,2,tackle,67
1467,2,tackle,79
1470,2,tackle,101
1472,2,tackle,109
1474,2,tackle,96
1476,2,tackle,73
1477,2,tackle,112
1480,2,tackle,84
1483,2,tackle,107
1485,2,tackle,71
1487,2,tackle,89
1488,2,tackle,71
1489,2,tackle,77
1502,2,tackle,97
1505,2,tackle,112
1506,2,tackle,72
1507,2,tackle,107
1510,2,tackle,83
1516,2,tackle,103
1517,2,tackle,67
1524,2,tackle,66
1525,2,tackle,79
1528,2,tackle,109
1536,2,tackle,80
1538,2,tackle,91
1541,2,tackle,73
1542,2,tackle,87
1543,2,tackle,109
1547,2,tackle,95
1552,2,tackle,71
1553,2,tackle,73
1555,2,tackle,77
1559,2,tackle,87
1560,2,tackle,95
1561,2,tackle,114
1562,2,tackle,107
1565,2,tackle,114
1567,2,tackle,68
1574,2,tackle,105
1579,2,tackle,78
1580,2,tackle,88
1581,2,tackle,108
1582,2,tackle,101
1586,2,tackle,115
1594,2,tackle,95
1595,2,tackle,70
1607,2,tackle,88
1619,2,tackle,72
1623,2,tackle,71
1624,2,tackle,68
1628,2,tackle,76
1629,2,tackle,105
1636,2,tackle,90
1642,2,tackle,73
1647,2,tackle,73
1648,2,tackle,93
1651,2,tackle,96
1652,2,tackle,88
1653,2,tackle,107
1654,2,tackle,114
1655,2,tackle,113
1656,2,tackle,90
1657,2,tackle,93
1659,2,tackle,87
1663,2,tackle,95
1667,2,tackle,101
1668,2,tackle,82
1672,2,tackle,79
1675,2,tackle,105
1680,2,tackle,94
1685,2,tackle,92
1686,2,tackle,67
1687,2,tackle,92
1694,2,tackle,111
1697,2,tackle,89
1700,2,tackle,114
1702,2,tackle,98
1703,2,tackle,110
1707,2,tackle,82
1710,2,tackle,115
1715,2,tackle,83
1718,2,tackle,112
1720,2,tackle,85
1721,2,tackle,95
1723,2,tackle,74
1728,2,tackle,81
1730,2,tackle,98
1731,2,tackle,112
1739,2,tackle,85
1742,2,tackle,110
1743,2,tackle,74
1745,2,tackle,71
1747,2,tackle,80
1749,2,tackle,89
1750,2,tackle,110
1751,2,tackle,66
1754,2,tackle,90
1765,2,tackle,67
1766,2,tackle,89
1768,2,tackle,78
1772,2,tackle,108
1775,2,tackle,81
1776,2,tackle,112
1777,2,tackle,83
1778,2,tackle,101
1786,2,tackle,90
1789,2,tackle,90
1793,2,tackle,94
1794,2,tackle,111
1796,2,tackle,83
1799,2,tackle,103
1801,2,tackle,76
1803,2,tackle,87
1804,2,tackle,98
1805,2,tackle,77
1806,2,tackle,103
1810,2,tackle,110
1813,2,tackle,95
1822,2,tackle,73
1824,2,tackle,67
1828,2,tackle,109
1829,2,tackle,102
1832,2,tackle,85
1836,2,tackle,104
1838,2,tackle,74
1841,2,tackle,67
1844,2,tackle,107
1846,2,tackle,67
1849,2,tackle,100
1853,2,tackle,94
1855,2,tackle,88
1858,2,tackle,80
1860,2,tackle,109
1861,2,tackle,116
1862,2,tackle,94
1865,2,tackle,99
1867,2,tackle,90
1872,2,tackle,96
1875,2,tackle,89
1877,2,tackle,110
1878,2,tackle,80
1882,2,tackle,113
1885,2,tackle,72
1888,2,tackle,98
1891,2,tackle,96
1894,2,tackle,113
1897,2,tackle,79
1900,2,tackle,88
1901,2,tackle,102
1903,2,tackle,116
1905,2,tackle,102
1906,2,tackle,108
1907,2,tackle,103
1915,2,tackle,99
1917,2,tackle,92
1918,2,tackle,70
1919,2,tackle,109
1920,2,tackle,74
1921,2,tackle,100
1923,2,tackle,107
1924,2,tackle,110
1926,2,tackle,72
1928,2,tackle,93
1934,2,tackle,111
1939,2,tackle,74
1943,2,tackle,115
1944,2,tackle,83
1948,2,tackle,108
1949,2,tackle,100
1951,2,tackle,102
1961,2,tackle,108
1962,2,tackle,79
1965,2,tackle,79
1968,2,tackle,112
1970,2,tackle,72
1972,2,tackle,72
1976,2,tackle,69
1981,2,tackle,99
1982,2,tackle,71
1984,2,tackle,88
1985,2,tackle,107
1997,2,tackle,101
1999,2,tackle,71
2000,2,tackle,82
2003,2,tackle,74
2004,2,tackle,89
2005,2,tackle,102
2007,2,tackle,73
2013,2,tackle,78
2015,2,tackle,115
2018,2,tackle,79
2021,2,tackle,114
2022,2,tackle,84
2030,2,tackle,98
2033,2,tackle,93
2039,2,tackle,86
2041,2,tackle,113
2046,2,tackle,114
2047,2,tackle,96
2049,2,tackle,99
2051,2,tackle,113
2052,2,tackle,81
2059,2,tackle,91
2064,2,tackle,107
2068,2,tackle,98
2071,2,tackle,105
2073,2,tackle,80
2077,2,tackle,90
2078,2,tackle,97
2080,2,tackle,70
2082,2,tackle,82
2083,2,tackle,74
2085,2,tackle,71
2086,2,tackle,101
2094,2,tackle,74
2100,2,tackle,115
2102,2,tackle,89
2104,2,tackle,76
2108,2,tackle,114
2111,2,tackle,115
2112,2,tackle,91
2114,2,tackle,98
2116,2,tackle,116
2119,2,tackle,75
2121,2,tackle,91
2123,2,tackle,97
2124,2,tackle,109
2125,2,tackle,108
2126,2,tackle,72
2130,2,tackle,84
2133,2,tackle,99
2135,2,tackle,111
2136,2,tackle,67
2138,2,tackle,92
2139,2,tackle,106
2143,2,tackle,91
2146,2,tackle,84
2151,2,tackle,112
2152,2,tackle,75
2157,2,tackle,75
2159,2,tackle,71
2160,2,tackle,116
2161,2,tackle,101
2164,2,tackle,115
2172,2,tackle,94
2173,2,tackle,97
2177,2,tackle,84
2178,2,tackle,83
2181,2,tackle,105
2185,2,tackle,68
2186,2,tackle,83
2203,2,tackle,90
2205,2,tackle,83
2208,2,tackle,97
2209,2,tackle,103
2214,2,tackle,89
2217,2,tackle,73
2219,2,tackle,93
2220,2,tackle,106
2221,2,tackle,113
2223,2,tackle,113
2226,2,tackle,86
2229,2,tackle,84
2232,2,tackle,85
2234,2,tackle,95
2238,2,tackle,70
2239,2,tackle,83
2242,2,tackle,94
2243,2,tackle,108
2244,2,tackle,73
2245,2,tackle,74
2252,2,tackle,73
2253,2,tackle,109
2255,2,tackle,66
2256,2,tackle,84
2257,2,tackle,73
2258,2,tackle,80
2259,2,tackle,82
2260,2,tackle,85
2279,2,tackle,82
2280,2,tackle,71
2284,2,tackle,68
2290,2,tackle,102
2292,2,tackle,102
2304,2,tackle,108
2306,2,tackle,114
2307,2,tackle,115
2312,2,tackle,98
2313,2,tackle,112
2314,2,tackle,92
2315,2,tackle,72
2317,2,tackle,102
2324,2,tackle,94
2326,2,tackle,113
2327,2,tackle,77
2338,2,tackle,94
2339,2,tackle,116
2341,2,tackle,101
2342,2,tackle,100
2343,2,tackle,89
2350,2,tackle,95
2354,2,tackle,74
2357,2,tackle,89
2359,2,tackle,103
2361,2,tackle,71
2363,2,tackle,103
2365,2,tackle,77
2367,2,tackle,105
2371,2,tackle,95
2372,2,tackle,106
2376,2,tackle,82
2377,2,tackle,85
2378,2,tackle,71
2383,2,tackle,68
2387,2,tackle,103
2389,2,tackle,91
2391,2,tackle,98
2393,2,tackle,68
2397,2,tackle,95
2400,2,tackle,99
2406,2,tackle,89
2415,2,tackle,84
2416,2,tackle,97
2417,2,tackle,106
2419,2,tackle,111
2420,2,tackle,104
2424,2,tackle,94
2425,2,tackle,76
2427,2,tackle,91
2428,2,tackle,112
2430,2,tackle,71
2431,2,tackle,90
2432,2,tackle,106
2433,2,tackle,75
2435,2,tackle,108
2436,2,tackle,97
2443,2,tackle,100
2448,2,tackle,91
2454,2,tackle,79
2456,2,tackle,85
2457,2,tackle,111
2458,2,tackle,93
2460,2,tackle,88
2464,2,tackle,75
2469,2,tackle,107
2473,2,tackle,75
2475,2,tackle,114
2481,2,tackle,80
2485,2,tackle,105
2486,2,tackle,111
2489,2,tackle,90
2490,2,tackle,106
2494,2,tackle,113
2502,2,tackle,76
2504,2,tackle,101
2505,2,tackle,82
2507,2,tackle,79
2508,2,tackle,78
2510,2,tackle,92
2517,2,tackle,94
2522,2,tackle,99
2523,2,tackle,106
2531,2,tackle,81
2533,2,tackle,90
2538,2,tackle,95
2541,2,tackle,89
2542,2,tackle,100
2549,2,tackle,77
2550,2,tackle,75
2551,2,tackle,82
2560,2,tackle,113
2561,2,tackle,100
2566,2,tackle,80
2568,2,tackle,68
2571,2,tackle,95
2574,2,tackle,84
2576,2,tackle,106
2578,2,tackle,83
2580,2,tackle,78
2582,2,tackle,72
2586,2,tackle,97
2587,2,tackle,77
2589,2,tackle,85
2591,2,tackle,95
2592,2,tackle,72
2599,2,tackle,76
2602,2,tackle,107
2605,2,tackle,101
2613,2,tackle,73
2617,2,tackle,96
2618,2,tackle,82
2623,2,tackle,98
2631,2,tackle,107
2633,2,tackle,75
2634,2,tackle,80
2635,2,tackle,82
2640,2,tackle,107
2644,2,tackle,96
2645,2,tackle,92
2646,2,tackle,96
2650,2,tackle,84
2654,2,tackle,100
2658,2,tackle,115
2659,2,tackle,109
2660,2,tackle,78
2662,2,tackle,77
2663,2,tackle,74
2664,2,tackle,82
2665,2,tackle,110
2670,2,tackle,88
2673,2,tackle,74
2677,2,tackle,73
2679,2,tackle,66
2680,2,tackle,111
2688,2,tackle,97
2693,2,tackle,110
2696,2,tackle,102
2698,2,tackle,96
2706,2,tackle,108
2710,2,tackle,85
2711,2,tackle,80
2712,2,tackle,75
2713,2,tackle,113
2715,2,tackle,105
2716,2,tackle,71
2730,2,tackle,98
2733,2,tackle,97
2736,2,tackle,91
2738,2,tackle,109
2740,2,tackle,95
2755,2,tackle,115
2760,2,tackle,90
2761,2,tackle,66
2763,2,tackle,115
2773,2,tackle,110
2777,2,tackle,67
2779,2,tackle,98
2782,2,tackle,105
2783,2,tackle,91
2785,2,tackle,91
2786,2,tackle,116
2789,2,tackle,84
2793,2,tackle,68
2794,2,tackle,101
2796,2,tackle,67
2800,2,tackle,116
2802,2,tackle,95
2814,2,tackle,68
2816,2,tackle,73
2818,2,tackle,84
2826,2,tackle,76
2831,2,tackle,72
2833,2,tackle,85
2835,2,tackle,106
2839,2,tackle,112
2840,2,tackle,98
2841,2,tackle,114
2842,2,tackle,86
2843,2,tackle,112
2851,2,tackle,111
2852,2,tackle,73
2855,2,tackle,84
2857,2,tackle,80
2860,2,tackle,113
2869,2,tackle,67
2871,2,tackle,114
2875,2,tackle,102
2876,2,tackle,83
2883,2,tackle,90
2886,2,tackle,85
2887,2,tackle,95
2896,2,tackle,87
2899,2,tackle,71
2900,2,tackle,104
2903,2,tackle,90
2904,2,tackle,104
2905,2,tackle,75
2906,2,tackle,91
2908,2,tackle,67
2909,2,tackle,101
2910,2,tackle,105
2912,2,tackle,68
2913,2,tackle,86
2915,2,tackle,90
2917,2,tackle,99
2918,2,tackle,97
2922,2,tackle,109
2923,2,tackle,94
2924,2,tackle,83
2925,2,tackle,101
2926,2,tackle,82
2930,2,tackle,98
2931,2,tackle,110
2933,2,tackle,92
2934,2,tackle,106
2941,2,tackle,72
2943,2,tackle,112
2946,2,tackle,79
2954,2,tackle,86
2959,2,tackle,81
2964,2,tackle,112
2965,2,tackle,84
2967,2,tackle,78
2969,2,tackle,91
2971,2,tackle,104
2975,2,tackle,92
2976,2,tackle,107
2979,2,tackle,67
2980,2,tackle,67
2981,2,tackle,115
2982,2,tackle,73
2986,2,tackle,100
2987,2,tackle,68
2990,2,tackle,72
2992,2,tackle,109
2993,2,tackle,99
2996,2,tackle,77
3000,2,tackle,101
3001,2,tackle,99
3004,2,tackle,106
3005,2,tackle,104
3011,2,tackle,87
3018,2,tackle,101
3019,2,tackle,77
3020,2,tackle,109
3021,2,tackle,110
3022,2,tackle,77
3023,2,tackle,93
3026,2,tackle,96
3033,2,tackle,114
3036,2,tackle,76
3038,2,tackle,105
3048,2,tackle,79
3049,2,tackle,70
3051,2,tackle,87
3057,2,tackle,102
3069,2,tackle,93
3071,2,tackle,85
3073,2,tackle,94
3076,2,tackle,108
3080,2,tackle,104
3081,2,tackle,87
3083,2,tackle,89
3087,2,tackle,95
3095,2,tackle,69
3099,2,tackle,109
3101,2,tackle,66
3103,2,tackle,70
3106,2,tackle,85
3109,2,tackle,73
3110,2,tackle,112
3115,2,tackle,116
3116,2,tackle,66
3119,2,tackle,79
3121,2,tackle,109
3122,2,tackle,70
3131,2,tackle,116
3135,2,tackle,82
3136,2,tackle,71
3137,2,tackle,106
3141,2,tackle,98
3143,2,tackle,73
3144,2,tackle,98
3145,2,tackle,116
3149,2,tackle,81
3153,2,tackle,94
3154,2,tackle,91
3158,2,tackle,89
3159,2,tackle,93
3164,2,tackle,89
3168,2,tackle,69
3179,2,tackle,77
3182,2,tackle,116
3189,2,tackle,115
3192,2,tackle,103
3201,2,tackle,71
3214,2,tackle,73
3215,2,tackle,113
3217,2,tackle,83
3219,2,tackle,78
3220,2,tackle,93
3228,2,tackle,111
3229,2,tackle,107
3232,2,tackle,112
3234,2,tackle,69
3237,2,tackle,112
3239,2,tackle,114
3240,2,tackle,74
3241,2,tackle,96
3251,2,tackle,86
3254,2,tackle,104
3255,2,tackle,97
3263,2,tackle,108
3264,2,tackle,110
3266,2,tackle,83
3269,2,tackle,92
3271,2,tackle,72
3273,2,tackle,93
3274,2,tackle,107
3275,2,tackle,113
3279,2,tackle,114
3280,2,tackle,88
3282,2,tackle,67
3287,2,tackle,81
3291,2,tackle,102
3293,2,tackle,107
3296,2,tackle,96
3298,2,tackle,87
3300,2,tackle,110
3302,2,tackle,108
3303,2,tackle,84
3310,2,tackle,98
3311,2,tackle,83
3314,2,tackle,82
3315,2,tackle,69
3316,2,tackle,106
3318,2,tackle,78
3320,2,tackle,88
3324,2,tackle,80
3326,2,tackle,110
3328,2,tackle,93
3333,2,tackle,92
3340,2,tackle,116
3341,2,tackle,95
3348,2,tackle,86
3354,2,tackle,116
3355,2,tackle,113
3359,2,tackle,115
3360,2,tackle,95
3367,2,tackle,85
3368,2,tackle,108
3370,2,tackle,110
3371,2,tackle,70
3377,2,tackle,89
3381,2,tackle,95
3385,2,tackle,78
3387,2,tackle,98
3389,2,tackle,94
3392,2,tackle,108
3396,2,tackle,103
3399,2,tackle,102
3401,2,tackle,97
3403,2,tackle,96
3404,2,tackle,81
3405,2,tackle,110
3406,2,tackle,96
3408,2,tackle,84
3410,2,tackle,72
3413,2,tackle,106
3414,2,tackle,114
3415,2,tackle,73
3424,2,tackle,83
3425,2,tackle,70
3427,2,tackle,105
3431,2,tackle,101
3434,2,tackle,75
3443,2,tackle,108
3445,2,tackle,78
3458,2,tackle,99
3462,2,tackle,96
3469,2,tackle,68
3479,2,tackle,75
3480,2,tackle,101
3486,2,tackle,115
3497,2,tackle,75
3498,2,tackle,91
3501,2,tackle,111
3502,2,tackle,98
3504,2,tackle,108
3506,2,tackle,77
3507,2,tackle,102
3508,2,tackle,78
3510,2,tackle,113
3513,2,tackle,116
3514,2,tackle,112
3521,2,tackle,73
3523,2,tackle,84
3529,2,tackle,116
3530,2,tackle,81
3532,2,tackle,107
3535,2,tackle,87
3541,2,tackle,72
3542,2,tackle,94
3544,2,tackle,109
3558,2,tackle,73
3562,2,tackle,110
3564,2,tackle,81
3567,2,tackle,109
3570,2,tackle,95
3571,2,tackle,109
3573,2,tackle,69
3575,2,tackle,108
3579,2,tackle,83
3581,2,tackle,69
3584,2,tackle,99
3588,2,tackle,88
3592,2,tackle,79
3593,2,tackle,97
3597,2,tackle,103
3603,2,tackle,97
3604,2,tackle,70
3609,2,tackle,80
3610,2,tackle,100
3611,2,tackle,81
3613,2,tackle,75
3617,2,tackle,97
3619,2,tackle,75
3631,2,tackle,105
3633,2,tackle,112
3634,2,tackle,104
3635,2,tackle,116
3636,2,tackle,84
3640,2,tackle,89
3645,2,tackle,93
3646,2,tackle,85
3648,2,tackle,80
3650,2,tackle,114
3651,2,tackle,101
3652,2,tackle,108
3653,2,tackle,111
3654,2,tackle,95
3664,2,tackle,75
3666,2,tackle,100
3668,2,tackle,112
3669,2,tackle,110
3676,2,tackle,93
3677,2,tackle,108
3680,2,tackle,69
3681,2,tackle,72
3683,2,tackle,102
3685,2,tackle,69
3688,2,tackle,93
3689,2,tackle,70
3690,2,tackle,78
3691,2,tackle,68
3692,2,tackle,111
3696,2,tackle,96
3698,2,tackle,77
3699,2,tackle,66
3702,2,tackle,103
3705,2,tackle,109
3707,2,tackle,103
3713,2,tackle,83
3715,2,tackle,110
3717,2,tackle,112
3718,2,tackle,115
3723,2,tackle,107
3727,2,tackle,83
3731,2,tackle,75
3733,2,tackle,90
3734,2,tackle,76
3743,2,tackle,110
3750,2,tackle,101
3756,2,tackle,116
3757,2,tackle,93
3758,2,tackle,91
3759,2,tackle,110
3765,2,tackle,103
3769,2,tackle,74
3773,2,tackle,108
3774,2,tackle,89
3777,2,tackle,92
3779,2,tackle,90
3780,2,tackle,81
3781,2,tackle,115
3783,2,tackle,72
3785,2,tackle,82
3786,2,tackle,102
3788,2,tackle,87
3789,2,tackle,90
3794,2,tackle,79
3798,2,tackle,81
3799,2,tackle,91
3800,2,tackle,112
3806,2,tackle,103
3809,2,tackle,86
3814,2,tackle,108
3815,2,tackle,69
3816,2,tackle,78
3821,2,tackle,96
3823,2,tackle,98
3827,2,tackle,76
3831,2,tackle,88
3832,2,tackle,104
3833,2,tackle,111
3836,2,tackle,84
3843,2,tackle,80
3844,2,tackle,116
3847,2,tackle,88
3848,2,tackle,102
3851,2,tackle,97
3861,2,tackle,80
3865,2,tackle,93
3868,2,tackle,82
3869,2,tackle,69
3876,2,tackle,108
3878,2,tackle,89
3879,2,tackle,72
3887,2,tackle,115
3889,2,tackle,97
3895,2,tackle,70
3896,2,tackle,105
3902,2,tackle,116
3909,2,tackle,116
3913,2,tackle,101
3917,2,tackle,91
3918,2,tackle,74
3919,2,tackle,114
3922,2,tackle,107
3924,2,tackle,77
3926,2,tackle,79
3929,2,tackle,89
3930,2,tackle,83
3935,2,tackle,100
3937,2,tackle,86
3946,2,tackle,92
3952,2,tackle,87
3953,2,tackle,114
3959,2,tackle,79
3960,2,tackle,102
3964,2,tackle,101
3967,2,tackle,111
3974,2,tackle,74
3977,2,tackle,111
3979,2,tackle,87
3981,2,tackle,93
3983,2,tackle,105
3987,2,tackle,109
3988,2,tackle,99
3995,2,tackle,105
3996,2,tackle,98
3997,2,tackle,76
3999,2,tackle,106
4003,2,tackle,83
4004,2,tackle,82
4007,2,tackle,114
4010,2,tackle,74
4011,2,tackle,108
4014,2,tackle,77
4015,2,tackle,86
4018,2,tackle,86
4025,2,tackle,96
4028,2,tackle,81
4030,2,tackle,74
4038,2,tackle,98
4041,2,tackle,68
4044,2,tackle,98
4048,2,tackle,68
4049,2,tackle,84
4051,2,tackle,103
4055,2,tackle,75
4056,2,tackle,71
4058,2,tackle,75
4063,2,tackle,85
4065,2,tackle,80
4067,2,tackle,89
4068,2,tackle,99
4070,2,tackle,77
4073,2,tackle,76
4075,2,tackle,105
4076,2,tackle,112
4081,2,tackle,109
4083,2,tackle,72
4085,2,tackle,91
4087,2,tackle,95
4094,2,tackle,108
4096,2,tackle,94
4099,2,tackle,96
4101,2,tackle,104
4102,2,tackle,66
4107,2,tackle,98
4108,2,tackle,69
4111,2,tackle,104
4112,2,tackle,81
4115,2,tackle,73
4118,2,tackle,112
4122,2,tackle,97
4125,2,tackle,108
4126,2,tackle,111
4128,2,tackle,113
4138,2,tackle,93
4141,2,tackle,106
4142,2,tackle,76
4143,2,tackle,77
4144,2,tackle,90
4148,2,tackle,96
4153,2,tackle,80
4154,2,tackle,114
4156,2,tackle,76
4157,2,tackle,107
4158,2,tackle,96
4164,2,tackle,67
4165,2,tackle,101
4174,2,tackle,75
4180,2,tackle,81
4183,2,tackle,102
4185,2,tackle,91
4186,2,tackle,110
4187,2,tackle,81
4188,2,tackle,93
4192,2,tackle,111
4194,2,tackle,67
4202,2,tackle,109
4203,2,tackle,107
4204,2,tackle,74
4206,2,tackle,87
4207,2,tackle,112
4208,2,tackle,69
4209,2,tackle,96
4212,2,tackle,75
4214,2,tackle,73
4218,2,tackle,106
4219,2,tackle,78
4225,2,tackle,97
4233,2,tackle,91
4235,2,tackle,110
4240,2,tackle,81
4241,2,tackle,101
4245,2,tackle,70
4246,2,tackle,111
4254,2,tackle,84
4255,2,tackle,114
4262,2,tackle,84
4269,2,tackle,80
4271,2,tackle,66
4272,2,tackle,89
4273,2,tackle,114
4276,2,tackle,70
4279,2,tackle,76
4281,2,tackle,77
4282,2,tackle,94
4283,2,tackle,115
4285,2,tackle,113
4288,2,tackle,74
4291,2,tackle,73
4293,2,tackle,70
4294,2,tackle,114
4296,2,tackle,67
4297,2,tackle,83
4299,2,tackle,109
4302,2,tackle,98
4305,2,tackle,111
4306,2,tackle,93
4309,2,tackle,89
4323,2,tackle,108
4329,2,tackle,95
4331,2,tackle,75
4333,2,tackle,105
4335,2,tackle,81
4336,2,tackle,66
4337,2,tackle,82
4338,2,tackle,103
4342,2,tackle,88
4343,2,tackle,113
4344,2,tackle,77
4350,2,tackle,113
4352,2,tackle,113
4358,2,tackle,89
4359,2,tackle,116
4360,2,tackle,90
4364,2,tackle,100
4369,2,tackle,100
4370,2,tackle,116
4372,2,tackle,82
4373,2,tackle,89
4375,2,tackle,113
4376,2,tackle,113
4380,2,tackle,103
4381,2,tackle,97
4384,2,tackle,98
4386,2,tackle,67
4391,2,tackle,111
4396,2,tackle,115
4399,2,tackle,81
4406,2,tackle,100
4409,2,tackle,103
4412,2,tackle,75
4415,2,tackle,73
4417,2,tackle,115
4419,2,tackle,107
4423,2,tackle,85
4424,2,tackle,111
4428,2,tackle,67
4430,2,tackle,78
4438,2,tackle,85
4439,2,tackle,95
4440,2,tackle,92
4443,2,tackle,106
4446,2,tackle,101
4448,2,tackle,102
4451,2,tackle,73
4452,2,tackle,104
4454,2,tackle,102
4459,2,tackle,105
4470,2,tackle,72
4474,2,tackle,116
4476,2,tackle,75
4477,2,tackle,86
4485,2,tackle,107
4495,2,tackle,95
4497,2,tackle,103
4498,2,tackle,105
4500,2,tackle,79
4501,2,tackle,86
4505,2,tackle,94
4507,2,tackle,101
4508,2,tackle,109
4510,2,tackle,102
4511,2,tackle,113
4520,2,tackle,70
4534,2,tackle,110
4536,2,tackle,100
4537,2,tackle,79
4541,2,tackle,87
4543,2,tackle,91
4544,2,tackle,96
4546,2,tackle,75
4548,2,tackle,77
4550,2,tackle,90
4551,2,tackle,108
4552,2,tackle,77
4556,2,tackle,109
4557,2,tackle,76
4558,2,tackle,82
4559,2,tackle,83
4560,2,tackle,111
4562,2,tackle,98
4569,2,tackle,96
4571,2,tackle,107
4572,2,tackle,111
4574,2,tackle,91
4577,2,tackle,114
4581,2,tackle,96
4593,2,tackle,114
4594,2,tackle,83
4597,2,tackle,88
4599,2,tackle,99
4601,2,tackle,111
4603,2,tackle,109
4607,2,tackle,72
4614,2,tackle,84
4616,2,tackle,69
4619,2,tackle,113
4621,2,tackle,106
4629,2,tackle,116
4630,2,tackle,115
4631,2,tackle,110
4635,2,tackle,100
4636,2,tackle,95
4637,2,tackle,88
4638,2,tackle,74
4644,2,tackle,109
4645,2,tackle,66
4647,2,tackle,97
4654,2,tackle,78
4657,2,tackle,71
4659,2,tackle,104
4660,2,tackle,72
4661,2,tackle,115
4664,2,tackle,78
4665,2,tackle,106
4667,2,tackle,98
4668,2,tackle,102
4669,2,tackle,94
4675,2,tackle,93
4677,2,tackle,92
4680,2,tackle,111
4681,2,tackle,66
4685,2,tackle,99
4687,2,tackle,116
4689,2,tackle,112
4693,2,tackle,115
4695,2,tackle,72
4697,2,tackle,101
4698,2,tackle,114
4704,2,tackle,73
4705,2,tackle,87
4707,2,tackle,107
4714,2,tackle,98
4721,2,tackle,89
4723,2,tackle,111
4726,2,tackle,100
4727,2,tackle,84
4732,2,tackle,97
4745,2,tackle,113
4753,2,tackle,112
4757,2,tackle,92
4758,2,tackle,74
4759,2,tackle,76
4763,2,tackle,97
4766,2,tackle,80
4767,2,tackle,101
4770,2,tackle,67
4773,2,tackle,69
4777,2,tackle,89
4781,2,tackle,116
4783,2,tackle,113
4788,2,tackle,88
4790,2,tackle,92
4791,2,tackle,82
4792,2,tackle,69
4795,2,tackle,98
4797,2,tackle,68
4800,2,tackle,104
4802,2,tackle,82
4813,2,tackle,100
4814,2,tackle,96
4815,2,tackle,82
4816,2,tackle,79
4824,2,tackle,113
4826,2,tackle,72
4827,2,tackle,67
4829,2,tackle,71
4834,2,tackle,101
4836,2,tackle,84
4837,2,tackle,103
4843,2,tackle,82
4844,2,tackle,77
4845,2,tackle,78
4846,2,tackle,108
4847,2,tackle,111
4848,2,tackle,92
4851,2,tackle,79
4854,2,tackle,88
4857,2,tackle,89
4862,2,tackle,89
4863,2,tackle,67
4864,2,tackle,114
4867,2,tackle,105
4871,2,tackle,96
4872,2,tackle,105
4874,2,tackle,102
4879,2,tackle,90
4884,2,tackle,86
4886,2,tackle,108
4889,2,tackle,93
4891,2,tackle,82
4894,2,tackle,114
4901,2,tackle,111
4904,2,tackle,76
4911,2,tackle,86
4913,2,tackle,103
4926,2,tackle,113
4927,2,tackle,81
4929,2,tackle,107
4930,2,tackle,93
4932,2,tackle,83
4937,2,tackle,98
4940,2,tackle,105
4943,2,tackle,108
4944,2,tackle,79
4946,2,tackle,100
4948,2,tackle,80
4956,2,tackle,90
4957,2,tackle,91
4958,2,tackle,78
4961,2,tackle,80
4965,2,tackle,81
4972,2,tackle,103
4974,2,tackle,94
4975,2,tackle,107
4976,2,tackle,84
4978,2,tackle,74
4980,2,tackle,98
4981,2,tackle,87
4986,2,tackle,85
4988,2,tackle,70
4991,2,tackle,104
4995,2,tackle,106
4997,2,tackle,100
4999,2,tackle,75
5000,2,tackle,70
5004,2,tackle,90
5008,2,tackle,71
5009,2,tackle,80
5020,2,tackle,109
5024,2,tackle,78
5028,2,tackle,112
5032,2,tackle,116
5033,2,tackle,71
5037,2,tackle,76
5038,2,tackle,105
5042,2,tackle,74
5043,2,tackle,95
5045,2,tackle,114
5050,2,tackle,114
5056,2,tackle,86
5058,2,tackle,111
5061,2,tackle,115
5066,2,tackle,116
5068,2,tackle,107
5070,2,tackle,77
5072,2,tackle,73
5084,2,tackle,91
5085,2,tackle,113
5086,2,tackle,66
5090,2,tackle,83
5093,2,tackle,115
5095,2,tackle,106
5098,2,tackle,100
5099,2,tackle,115
5105,2,tackle,96
5106,2,tackle,86
5108,2,tackle,108
5109,2,tackle,78
5111,2,tackle,77
5114,2,tackle,104
5116,2,tackle,112
5119,2,tackle,103
5131,2,tackle,96
5133,2,tackle,112
5138,2,tackle,94
5146,2,tackle,75
5148,2,tackle,104
5150,2,tackle,73
5153,2,tackle,103
5157,2,tackle,69
5161,2,tackle,97
5162,2,tackle,114
5164,2,tackle,76
5167,2,tackle,81
5176,2,tackle,81
5184,2,tackle,71
5188,2,tackle,108
5189,2,tackle,90
5190,2,tackle,109
5193,2,tackle,105
5194,2,tackle,79
5195,2,tackle,96
5197,2,tackle,107
5200,2,tackle,99
5201,2,tackle,79
5204,2,tackle,96
5205,2,tackle,91
5206,2,tackle,94
5207,2,tackle,71
5208,2,tackle,114
5212,2,tackle,113
5219,2,tackle,85
5225,2,tackle,97
5226,2,tackle,106
5227,2,tackle,113
5228,2,tackle,82
5231,2,tackle,83
5232,2,tackle,104
5235,2,tackle,94
5237,2,tackle,104
5238,2,tackle,86
5241,2,tackle,68
5247,2,tackle,109
5253,2,tackle,72
5257,2,tackle,82
5260,2,tackle,66
5262,2,tackle,103
5263,2,tackle,96
5270,2,tackle,116
5273,2,tackle,72
5275,2,tackle,89
5280,2,tackle,92
5285,2,tackle,93
5289,2,tackle,87
5291,2,tackle,105
5293,2,tackle,86
5301,2,tackle,84
5303,2,tackle,71
5305,2,tackle,86
5306,2,tackle,116
5307,2,tackle,113
5312,2,tackle,90
5314,2,tackle,77
5322,2,tackle,96
5325,2,tackle,69
5328,2,tackle,107
5331,2,tackle,82
5333,2,tackle,96
5334,2,tackle,111
5338,2,tackle,104
5347,2,tackle,101
5350,2,tackle,113
5351,2,tackle,109
5352,2,tackle,95
5357,2,tackle,73
5358,2,tackle,108
5366,2,tackle,68
5368,2,tackle,85
5372,2,tackle,90
5373,2,tackle,98
5375,2,tackle,86
5389,2,tackle,89
5393,2,tackle,86
5396,2,tackle,104
5397,2,tackle,69
5399,2,tackle,110
5400,2,tackle,84
5405,2,tackle,83
5408,2,tackle,87
5413,2,tackle,83
5415,2,tackle,79
5419,2,tackle,93
5420,2,tackle,107
5422,2,tackle,89
5423,2,tackle,90
5424,2,tackle,67
5428,2,tackle,112
5433,2,tackle,89
5435,2,tackle,82
5436,2,tackle,72
5437,2,tackle,99
5439,2,tackle,107
5445,2,tackle,107
5448,2,tackle,93
5452,2,tackle,69
5454,2,tackle,82
5455,2,tackle,75
5456,2,tackle,70
5457,2,tackle,94
5465,2,tackle,102
5474,2,tackle,90
5475,2,tackle,96
5476,2,tackle,114
5479,2,tackle,70
5484,2,tackle,72
5488,2,tackle,94
5491,2,tackle,91
5495,2,tackle,72
5498,2,tackle,89
5501,2,tackle,106
5502,2,tackle,76
5504,2,tackle,70
5508,2,tackle,86
5509,2,tackle,95
5510,2,tackle,73
5513,2,tackle,84
5514,2,tackle,72
5515,2,tackle,86
5518,2,tackle,80
5523,2,tackle,68
5525,2,tackle,78
5528,2,tackle,97
5530,2,tackle,114
5531,2,tackle,68
5536,2,tackle,97
5538,2,tackle,103
5539,2,tackle,115
5545,2,tackle,115
5548,2,tackle,83
5549,2,tackle,69
5550,2,tackle,90
5551,2,tackle,83
5552,2,tackle,80
2,2,tackle,100
3,2,tackle,105
9,2,tackle,66
10,2,tackle,98
13,2,tackle,89
16,2,tackle,62
19,2,tackle,63
21,2,tackle,50
35,2,tackle,87
37,2,tackle,80
39,2,tackle,71
47,2,tackle,76
49,2,tackle,76
58,2,tackle,86
59,2,tackle,74
60,2,tackle,89
63,2,tackle,79
68,2,tackle,99
70,2,tackle,89
71,2,tackle,59
73,2,tackle,49
74,2,tackle,72
77,2,tackle,87
81,2,tackle,61
82,2,tackle,103
89,2,tackle,51
93,2,tackle,102
95,2,tackle,54
97,2,tackle,49
101,2,tackle,90
102,2,tackle,57
107,2,tackle,95
108,2,tackle,98
109,2,tackle,100
110,2,tackle,57
113,2,tackle,79
114,2,tackle,53
117,2,tackle,65
118,2,tackle,64
119,2,tackle,100
126,2,tackle,52
127,2,tackle,92
130,2,tackle,88
133,2,tackle,106
143,2,tackle,57
144,2,tackle,74
146,2,tackle,94
148,2,tackle,85
149,2,tackle,88
154,2,tackle,49
155,2,tackle,64
157,2,tackle,104
161,2,tackle,104
162,2,tackle,83
164,2,tackle,74
166,2,tackle,49
168,2,tackle,100
169,2,tackle,70
175,2,tackle,49
176,2,tackle,99
183,2,tackle,74
184,2,tackle,84
190,2,tackle,65
193,2,tackle,78
195,2,tackle,105
199,2,tackle,57
203,2,tackle,93
206,2,tackle,60
208,2,tackle,88
209,2,tackle,96
211,2,tackle,90
212,2,tackle,72
213,2,tackle,51
216,2,tackle,96
218,2,tackle,93
221,2,tackle,84
222,2,tackle,84
226,2,tackle,55
237,2,tackle,83
238,2,tackle,97
244,2,tackle,90
246,2,tackle,104
248,2,tackle,87
249,2,tackle,74
253,2,tackle,82
254,2,tackle,86
258,2,tackle,105
262,2,tackle,49
263,2,tackle,77
266,2,tackle,61
271,2,tackle,56
272,2,tackle,59
275,2,tackle,95
277,2,tackle,57
280,2,tackle,84
281,2,tackle,104
283,2,tackle,78
284,2,tackle,77
285,2,tackle,50
287,2,tackle,81
289,2,tackle,63
290,2,tackle,86
297,2,tackle,58
301,2,tackle,91
305,2,tackle,106
312,2,tackle,78
314,2,tackle,78
315,2,tackle,99
316,2,tackle,50
321,2,tackle,64
330,2,tackle,51
331,2,tackle,75
335,2,tackle,101
336,2,tackle,55
337,2,tackle,82
339,2,tackle,51
344,2,tackle,100
346,2,tackle,57
349,2,tackle,93
352,2,tackle,64
353,2,tackle,74
361,2,tackle,98
365,2,tackle,93
366,2,tackle,67
368,2,tackle,82
370,2,tackle,103
371,2,tackle,79
372,2,tackle,72
381,2,tackle,54
383,2,tackle,93
384,2,tackle,77
385,2,tackle,56
388,2,tackle,75
396,2,tackle,52
398,2,tackle,78
399,2,tackle,79
402,2,tackle,80
403,2,tackle,86
418,2,tackle,98
419,2,tackle,51
427,2,tackle,67
431,2,tackle,83
433,2,tackle,67
434,2,tackle,56
439,2,tackle,54
441,2,tackle,78
448,2,tackle,77
449,2,tackle,57
450,2,tackle,67
453,2,tackle,49
454,2,tackle,98
455,2,tackle,99
457,2,tackle,77
458,2,tackle,57
459,2,tackle,79
460,2,tackle,76
463,2,tackle,51
465,2,tackle,61
468,2,tackle,106
469,2,tackle,86
472,2,tackle,53
474,2,tackle,61
475,2,tackle,51
478,2,tackle,84
484,2,tackle,88
486,2,tackle,54
499,2,tackle,97
501,2,tackle,80
504,2,tackle,61
505,2,tackle,71
506,2,tackle,78
511,2,tackle,76
516,2,tackle,86
519,2,tackle,85
521,2,tackle,53
522,2,tackle,53
523,2,tackle,105
526,2,tackle,52
527,2,tackle,54
529,2,tackle,98
531,2,tackle,75
532,2,tackle,80
536,2,tackle,89
537,2,tackle,60
544,2,tackle,78
547,2,tackle,103
552,2,tackle,64
557,2,tackle,103
560,2,tackle,72
565,2,tackle,60
571,2,tackle,51
579,2,tackle,75
585,2,tackle,80
586,2,tackle,90
588,2,tackle,96
589,2,tackle,103
593,2,tackle,84
595,2,tackle,106
596,2,tackle,86
598,2,tackle,53
602,2,tackle,59
603,2,tackle,59
608,2,tackle,79
609,2,tackle,85
612,2,tackle,67
618,2,tackle,70
622,2,tackle,84
623,2,tackle,75
626,2,tackle,85
627,2,tackle,103
630,2,tackle,73
639,2,tackle,85
641,2,tackle,65
643,2,tackle,99
645,2,tackle,84
651,2,tackle,73
656,2,tackle,103
658,2,tackle,106
662,2,tackle,86
666,2,tackle,84
669,2,tackle,70
670,2,tackle,101
677,2,tackle,52
679,2,tackle,91
680,2,tackle,103
681,2,tackle,90
682,2,tackle,91
683,2,tackle,75
687,2,tackle,83
691,2,tackle,103
697,2,tackle,81
701,2,tackle,50
704,2,tackle,63
705,2,tackle,100
710,2,tackle,48
713,2,tackle,65
716,2,tackle,64
717,2,tackle,51
720,2,tackle,98
721,2,tackle,99
723,2,tackle,101
724,2,tackle,52
725,2,tackle,78
731,2,tackle,49
734,2,tackle,54
735,2,tackle,53
738,2,tackle,87
741,2,tackle,95
746,2,tackle,95
749,2,tackle,75
751,2,tackle,85
753,2,tackle,84
754,2,tackle,67
760,2,tackle,96
763,2,tackle,66
765,2,tackle,92
766,2,tackle,88
768,2,tackle,95
769,2,tackle,80
775,2,tackle,64
778,2,tackle,92
780,2,tackle,87
784,2,tackle,103
787,2,tackle,83
789,2,tackle,89
790,2,tackle,67
792,2,tackle,90
794,2,tackle,54
797,2,tackle,68
798,2,tackle,106
800,2,tackle,78
804,2,tackle,91
806,2,tackle,78
807,2,tackle,93
809,2,tackle,79
811,2,tackle,83
812,2,tackle,51
815,2,tackle,93
817,2,tackle,87
828,2,tackle,84
832,2,tackle,62
833,2,tackle,49
838,2,tackle,85
844,2,tackle,55
846,2,tackle,53
850,2,tackle,76
851,2,tackle,92
852,2,tackle,84
856,2,tackle,94
859,2,tackle,78
860,2,tackle,98
861,2,tackle,48
863,2,tackle,77
864,2,tackle,84
865,2,tackle,97
867,2,tackle,83
868,2,tackle,98
870,2,tackle,65
872,2,tackle,55
873,2,tackle,59
874,2,tackle,91
876,2,tackle,70
878,2,tackle,59
882,2,tackle,98
893,2,tackle,102
896,2,tackle,58
897,2,tackle,85
900,2,tackle,59
901,2,tackle,66
904,2,tackle,67
907,2,tackle,61
908,2,tackle,99
909,2,tackle,62
917,2,tackle,102
918,2,tackle,72
920,2,tackle,100
921,2,tackle,52
924,2,tackle,52
926,2,tackle,50
927,2,tackle,53
929,2,tackle,77
933,2,tackle,64
936,2,tackle,70
938,2,tackle,73
940,2,tackle,68
941,2,tackle,106
942,2,tackle,48
943,2,tackle,101
945,2,tackle,59
947,2,tackle,87
950,2,tackle,60
951,2,tackle,57
953,2,tackle,93
957,2,tackle,50
958,2,tackle,82
966,2,tackle,83
973,2,tackle,82
975,2,tackle,83
976,2,tackle,56
979,2,tackle,67
980,2,tackle,89
983,2,tackle,89
988,2,tackle,66
989,2,tackle,106
990,2,tackle,73
991,2,tackle,60
992,2,tackle,105
999,2,tackle,94
1001,2,tackle,55
1003,2,tackle,86
1004,2,tackle,81
1005,2,tackle,104
1006,2,tackle,77
1008,2,tackle,94
1009,2,tackle,57
1012,2,tackle,69
1013,2,tackle,95
1015,2,tackle,78
1016,2,tackle,66
1019,2,tackle,91
1021,2,tackle,65
1023,2,tackle,67
1024,2,tackle,63
1025,2,tackle,82
1027,2,tackle,105
1029,2,tackle,87
1032,2,tackle,80
1037,2,tackle,59
1041,2,tackle,48
1042,2,tackle,95
1043,2,tackle,73
1044,2,tackle,80
1049,2,tackle,101
1050,2,tackle,61
1052,2,tackle,104
1056,2,tackle,80
1057,2,tackle,74
1059,2,tackle,80
1062,2,tackle,96
1066,2,tackle,55
1067,2,tackle,64
1070,2,tackle,60
1071,2,tackle,83
1074,2,tackle,98
1076,2,tackle,65
1077,2,tackle,61
1081,2,tackle,94
1087,2,tackle,53
1092,2,tackle,71
1093,2,tackle,81
1094,2,tackle,92
1095,2,tackle,81
1097,2,tackle,50
1099,2,tackle,60
1100,2,tackle,57
1102,2,tackle,71
1105,2,tackle,104
1106,2,tackle,93
1115,2,tackle,69
1119,2,tackle,90
1122,2,tackle,89
1124,2,tackle,97
1128,2,tackle,82
1130,2,tackle,65
1133,2,tackle,98
1134,2,tackle,48
1136,2,tackle,49
1139,2,tackle,68
1140,2,tackle,94
1141,2,tackle,78
1151,2,tackle,97
1163,2,tackle,100
1164,2,tackle,65
1165,2,tackle,55
1173,2,tackle,49
1174,2,tackle,60
1176,2,tackle,83
1177,2,tackle,53
1179,2,tackle,87
1189,2,tackle,60
1191,2,tackle,86
1202,2,tackle,60
1204,2,tackle,50
1205,2,tackle,73
1209,2,tackle,80
1210,2,tackle,67
1212,2,tackle,82
1213,2,tackle,77
1216,2,tackle,65
1217,2,tackle,55
1220,2,tackle,52
1221,2,tackle,57
1226,2,tackle,65
1230,2,tackle,104
1233,2,tackle,84
1234,2,tackle,54
1235,2,tackle,56
1241,2,tackle,58
1242,2,tackle,106
1244,2,tackle,82
1247,2,tackle,101
1253,2,tackle,97
1256,2,tackle,94
1257,2,tackle,93
1259,2,tackle,103
1261,2,tackle,102
1270,2,tackle,89
1271,2,tackle,55
1273,2,tackle,53
1286,2,tackle,95
1289,2,tackle,85
1290,2,tackle,49
1295,2,tackle,87
1297,2,tackle,96
1299,2,tackle,55
1303,2,tackle,53
1304,2,tackle,72
1308,2,tackle,105
1311,2,tackle,63
1315,2,tackle,68
1319,2,tackle,63
1320,2,tackle,48
1324,2,tackle,92
1325,2,tackle,56
1328,2,tackle,102
1329,2,tackle,48
1333,2,tackle,104
1334,2,tackle,81
1335,2,tackle,79
1336,2,tackle,63
1338,2,tackle,62
1340,2,tackle,79
1344,2,tackle,94
1349,2,tackle,92
1351,2,tackle,48
1358,2,tackle,73
1359,2,tackle,90
1361,2,tackle,67
1362,2,tackle,81
1371,2,tackle,90
1374,2,tackle,100
1382,2,tackle,51
1391,2,tackle,63
1394,2,tackle,106
1399,2,tackle,63
1404,2,tackle,85
1408,2,tackle,96
1413,2,tackle,71
1419,2,tackle,70
1420,2,tackle,49
1424,2,tackle,56
1426,2,tackle,95
1427,2,tackle,51
1428,2,tackle,65
1429,2,tackle,93
1431,2,tackle,95
1433,2,tackle,69
1434,2,tackle,48
1436,2,tackle,93
1437,2,tackle,87
1441,2,tackle,51
1442,2,tackle,56
1446,2,tackle,88
1449,2,tackle,82
1452,2,tackle,90
1453,2,tackle,57
1459,2,tackle,78
1464,2,tackle,86
1471,2,tackle,60
1472,2,tackle,70
1479,2,tackle,103
1480,2,tackle,89
1482,2,tackle,55
1485,2,tackle,103
1488,2,tackle,66
1490,2,tackle,56
1493,2,tackle,59
1498,2,tackle,51
1505,2,tackle,49
1506,2,tackle,59
1507,2,tackle,82
1512,2,tackle,59
1515,2,tackle,83
1516,2,tackle,71
1517,2,tackle,60
1518,2,tackle,58
1522,2,tackle,64
1523,2,tackle,87
1524,2,tackle,94
1526,2,tackle,99
1529,2,tackle,102
1535,2,tackle,83
1541,2,tackle,59
1557,2,tackle,60
1561,2,tackle,59
1563,2,tackle,55
1564,2,tackle,52
1568,2,tackle,60
1569,2,tackle,59
1573,2,tackle,55
1574,2,tackle,98
1577,2,tackle,88
1578,2,tackle,56
1579,2,tackle,93
1583,2,tackle,90
1585,2,tackle,83
1589,2,tackle,66
1591,2,tackle,96
1592,2,tackle,87
1596,2,tackle,52
1597,2,tackle,65
1598,2,tackle,55
1600,2,tackle,104
1602,2,tackle,82
1606,2,tackle,70
1608,2,tackle,63
1611,2,tackle,67
1614,2,tackle,83
1617,2,tackle,74
1618,2,tackle,97
1620,2,tackle,60
1627,2,tackle,101
1629,2,tackle,92
1630,2,tackle,96
1631,2,tackle,97
1636,2,tackle,59
1637,2,tackle,48
1639,2,tackle,91
1641,2,tackle,106
1650,2,tackle,52
1654,2,tackle,52
1655,2,tackle,95
1656,2,tackle,100
1660,2,tackle,49
1666,2,tackle,93
1667,2,tackle,48
1672,2,tackle,84
1673,2,tackle,85
1676,2,tackle,93
1680,2,tackle,85
1689,2,tackle,85
1691,2,tackle,61
1696,2,tackle,87
1698,2,tackle,101
1702,2,tackle,61
1704,2,tackle,65
1707,2,tackle,87
1708,2,tackle,84
1710,2,tackle,72
1719,2,tackle,88
1721,2,tackle,49
1722,2,tackle,65
1725,2,tackle,50
1726,2,tackle,74
1727,2,tackle,99
1728,2,tackle,88
1730,2,tackle,105
1732,2,tackle,96
1738,2,tackle,48
1742,2,tackle,74
1743,2,tackle,95
1749,2,tackle,104
1750,2,tackle,97
1753,2,tackle,64
1754,2,tackle,106
1756,2,tackle,89
1758,2,tackle,58
1759,2,tackle,49
1762,2,tackle,89
1764,2,tackle,102
1765,2,tackle,75
1768,2,tackle,102
1770,2,tackle,87
1772,2,tackle,80
1773,2,tackle,49
1775,2,tackle,71
1777,2,tackle,93
1778,2,tackle,92
1781,2,tackle,93
1784,2,tackle,50
1786,2,tackle,97
1787,2,tackle,48
1791,2,tackle,69
1794,2,tackle,96
1795,2,tackle,54
1796,2,tackle,96
1798,2,tackle,53
1801,2,tackle,59
1802,2,tackle,103
1807,2,tackle,51
1808,2,tackle,95
1809,2,tackle,93
1812,2,tackle,99
1816,2,tackle,66
1817,2,tackle,85
1824,2,tackle,91
1832,2,tackle,98
1834,2,tackle,100
1837,2,tackle,87
1838,2,tackle,104
1840,2,tackle,95
1845,2,tackle,100
1848,2,tackle,68
1849,2,tackle,74
1851,2,tackle,67
1859,2,tackle,89
1861,2,tackle,104
1862,2,tackle,58
1864,2,tackle,73
1865,2,tackle,90
1866,2,tackle,69
1868,2,tackle,89
1869,2,tackle,59
1874,2,tackle,101
1879,2,tackle,106
1880,2,tackle,48
1886,2,tackle,102
1887,2,tackle,78
1893,2,tackle,98
1897,2,tackle,99
1902,2,tackle,66
1903,2,tackle,57
1906,2,tackle,94
1909,2,tackle,58
1910,2,tackle,89
1913,2,tackle,103
1914,2,tackle,65
1916,2,tackle,104
1919,2,tackle,99
1921,2,tackle,98
1923,2,tackle,102
1924,2,tackle,90
1925,2,tackle,69
1928,2,tackle,52
1931,2,tackle,95
1934,2,tackle,65
1935,2,tackle,72
1939,2,tackle,49
1947,2,tackle,66
1948,2,tackle,52
1950,2,tackle,79
1951,2,tackle,86
1955,2,tackle,59
1956,2,tackle,53
1957,2,tackle,63
1958,2,tackle,64
1959,2,tackle,74
1970,2,tackle,97
1972,2,tackle,88
1973,2,tackle,74
1974,2,tackle,104
1975,2,tackle,63
1978,2,tackle,73
1979,2,tackle,61
1984,2,tackle,82
1986,2,tackle,94
1988,2,tackle,57
1998,2,tackle,77
1999,2,tackle,103
2004,2,tackle,63
2008,2,tackle,70
2010,2,tackle,62
2015,2,tackle,77
2018,2,tackle,59
2019,2,tackle,90
2021,2,tackle,104
2023,2,tackle,74
2029,2,tackle,73
2030,2,tackle,87
2033,2,tackle,104
2038,2,tackle,72
2041,2,tackle,85
2044,2,tackle,56
2047,2,tackle,65
2052,2,tackle,57
2058,2,tackle,81
2059,2,tackle,92
2060,2,tackle,95
2063,2,tackle,82
2068,2,tackle,60
2072,2,tackle,51
2073,2,tackle,93
2079,2,tackle,70
2080,2,tackle,53
2085,2,tackle,67
2088,2,tackle,87
2092,2,tackle,92
2094,2,tackle,71
2099,2,tackle,54
2100,2,tackle,50
2102,2,tackle,91
2104,2,tackle,96
2109,2,tackle,89
2111,2,tackle,70
2114,2,tackle,85
2116,2,tackle,80
2119,2,tackle,86
2120,2,tackle,71
2121,2,tackle,69
2122,2,tackle,83
2127,2,tackle,90
2128,2,tackle,60
2129,2,tackle,83
2131,2,tackle,64
2132,2,tackle,100
2137,2,tackle,104
2143,2,tackle,51
2147,2,tackle,54
2148,2,tackle,59
2149,2,tackle,48
2151,2,tackle,87
2152,2,tackle,54
2157,2,tackle,91
2160,2,tackle,62
2161,2,tackle,79
2169,2,tackle,104
2171,2,tackle,54
2172,2,tackle,75
2182,2,tackle,80
2183,2,tackle,60
2184,2,tackle,73
2185,2,tackle,64
2186,2,tackle,93
2189,2,tackle,94
2190,2,tackle,59
2194,2,tackle,74
2195,2,tackle,72
2197,2,tackle,55
2202,2,tackle,103
2205,2,tackle,84
2206,2,tackle,85
2207,2,tackle,49
2208,2,tackle,96
2211,2,tackle,68
2216,2,tackle,77
2219,2,tackle,96
2220,2,tackle,48
2224,2,tackle,62
2227,2,tackle,53
2228,2,tackle,105
2235,2,tackle,80
2244,2,tackle,65
2245,2,tackle,50
2246,2,tackle,78
2248,2,tackle,51
2249,2,tackle,60
2252,2,tackle,92
2256,2,tackle,53
2265,2,tackle,84
2271,2,tackle,87
2273,2,tackle,66
2274,2,tackle,88
2275,2,tackle,77
2278,2,tackle,69
2283,2,tackle,98
2285,2,tackle,96
2287,2,tackle,82
2288,2,tackle,73
2290,2,tackle,103
2291,2,tackle,51
2292,2,tackle,73
2293,2,tackle,88
2294,2,tackle,60
2299,2,tackle,85
2308,2,tackle,105
2315,2,tackle,69
2316,2,tackle,104
2318,2,tackle,104
2320,2,tackle,105
2321,2,tackle,76
2322,2,tackle,105
2328,2,tackle,74
2332,2,tackle,93
2333,2,tackle,92
2334,2,tackle,88
2335,2,tackle,100
2337,2,tackle,67
2340,2,tackle,102
2345,2,tackle,73
2348,2,tackle,75
2349,2,tackle,89
2352,2,tackle,99
2353,2,tackle,74
2359,2,tackle,85
2360,2,tackle,102
2361,2,tackle,106
2364,2,tackle,106
2366,2,tackle,97
2367,2,tackle,55
2368,2,tackle,97
2369,2,tackle,88
2372,2,tackle,49
2376,2,tackle,67
2378,2,tackle,101
2379,2,tackle,75
2381,2,tackle,59
2383,2,tackle,72
2386,2,tackle,87
2388,2,tackle,83
2389,2,tackle,91
2390,2,tackle,96
2392,2,tackle,72
2398,2,tackle,99
2403,2,tackle,96
2404,2,tackle,75
2405,2,tackle,85
2409,2,tackle,53
2412,2,tackle,77
2413,2,tackle,63
2417,2,tackle,48
2420,2,tackle,86
2422,2,tackle,95
2427,2,tackle,71
2429,2,tackle,85
2434,2,tackle,73
2436,2,tackle,70
2439,2,tackle,84
2443,2,tackle,90
2447,2,tackle,105
2449,2,tackle,94
2451,2,tackle,102
2452,2,tackle,85
2459,2,tackle,77
2461,2,tackle,69
2462,2,tackle,80
2468,2,tackle,105
2470,2,tackle,65
2473,2,tackle,85
2475,2,tackle,96
2476,2,tackle,98
2477,2,tackle,103
2478,2,tackle,97
2481,2,tackle,73
2484,2,tackle,76
2486,2,tackle,76
2487,2,tackle,53
2489,2,tackle,102
2492,2,tackle,104
2493,2,tackle,48
2495,2,tackle,61
2496,2,tackle,79
2497,2,tackle,70
2498,2,tackle,91
2511,2,tackle,75
2512,2,tackle,80
2514,2,tackle,76
2515,2,tackle,82
2517,2,tackle,71
2521,2,tackle,67
2522,2,tackle,95
2524,2,tackle,81
2525,2,tackle,61
2526,2,tackle,63
2532,2,tackle,85
2534,2,tackle,93
2536,2,tackle,50
2546,2,tackle,54
2549,2,tackle,103
2550,2,tackle,50
2554,2,tackle,106
2555,2,tackle,101
2556,2,tackle,106
2559,2,tackle,97
2568,2,tackle,98
2571,2,tackle,90
2573,2,tackle,79
2575,2,tackle,56
2577,2,tackle,81
2581,2,tackle,69
2582,2,tackle,74
2583,2,tackle,85
2585,2,tackle,102
2586,2,tackle,71
2587,2,tackle,82
2588,2,tackle,74
2595,2,tackle,75
2597,2,tackle,52
2600,2,tackle,83
2606,2,tackle,76
2612,2,tackle,98
2618,2,tackle,60
2622,2,tackle,50
2626,2,tackle,70
2628,2,tackle,58
2629,2,tackle,105
2631,2,tackle,106
2635,2,tackle,75
2643,2,tackle,61
2644,2,tackle,102
2645,2,tackle,61
2648,2,tackle,97
2650,2,tackle,75
2651,2,tackle,79
2652,2,tackle,104
2656,2,tackle,65
2657,2,tackle,52
2658,2,tackle,77
2661,2,tackle,97
2667,2,tackle,48
2669,2,tackle,60
2672,2,tackle,73
2674,2,tackle,67
2680,2,tackle,75
2682,2,tackle,89
2686,2,tackle,105
2687,2,tackle,76
2690,2,tackle,79
2691,2,tackle,58
2694,2,tackle,64
2696,2,tackle,101
2699,2,tackle,55
2701,2,tackle,50
2703,2,tackle,86
2704,2,tackle,57
2705,2,tackle,49
2707,2,tackle,104
2709,2,tackle,55
2714,2,tackle,85
2716,2,tackle,92
2718,2,tackle,72
2723,2,tackle,102
2724,2,tackle,57
2726,2,tackle,75
2727,2,tackle,96
2728,2,tackle,65
2737,2,tackle,56
2738,2,tackle,66
2739,2,tackle,101
2742,2,tackle,70
2749,2,tackle,97
2751,2,tackle,71
2753,2,tackle,100
2756,2,tackle,85
2759,2,tackle,71
2760,2,tackle,106
2762,2,tackle,50
2771,2,tackle,49
2772,2,tackle,50
2773,2,tackle,69
2778,2,tackle,55
2783,2,tackle,58
2788,2,tackle,84
2789,2,tackle,57
2790,2,tackle,68
2791,2,tackle,98
2794,2,tackle,52
2795,2,tackle,84
2800,2,tackle,61
2805,2,tackle,85
2806,2,tackle,74
2807,2,tackle,73
2820,2,tackle,78
2824,2,tackle,67
2825,2,tackle,76
2826,2,tackle,85
2827,2,tackle,56
2828,2,tackle,51
2829,2,tackle,90
2830,2,tackle,96
2831,2,tackle,83
2833,2,tackle,54
2834,2,tackle,77
2835,2,tackle,68
2838,2,tackle,75
2839,2,tackle,82
2840,2,tackle,59
2845,2,tackle,73
2848,2,tackle,58
2857,2,tackle,67
2858,2,tackle,50
2861,2,tackle,63
2864,2,tackle,66
2868,2,tackle,92
2871,2,tackle,60
2874,2,tackle,105
2877,2,tackle,93
2880,2,tackle,48
2883,2,tackle,82
2888,2,tackle,77
2889,2,tackle,91
2897,2,tackle,56
2908,2,tackle,88
2909,2,tackle,90
2913,2,tackle,79
2926,2,tackle,96
2929,2,tackle,88
2930,2,tackle,60
2937,2,tackle,53
2939,2,tackle,56
2940,2,tackle,67
2941,2,tackle,105
2946,2,tackle,62
2949,2,tackle,98
2954,2,tackle,80
2958,2,tackle,90
2963,2,tackle,88
2971,2,tackle,53
2975,2,tackle,63
2978,2,tackle,54
2981,2,tackle,75
2982,2,tackle,76
2984,2,tackle,80
2986,2,tackle,85
2989,2,tackle,89
2991,2,tackle,59
2993,2,tackle,57
2997,2,tackle,59
2999,2,tackle,93
3001,2,tackle,93
3012,2,tackle,55
3018,2,tackle,93
3019,2,tackle,60
3020,2,tackle,79
3021,2,tackle,89
3027,2,tackle,106
3028,2,tackle,105
3038,2,tackle,75
3044,2,tackle,78
3045,2,tackle,85
3049,2,tackle,55
3057,2,tackle,80
3059,2,tackle,75
3060,2,tackle,79
3061,2,tackle,80
3063,2,tackle,105
3065,2,tackle,48
3070,2,tackle,85
3075,2,tackle,72
3076,2,tackle,86
3077,2,tackle,91
3080,2,tackle,88
3085,2,tackle,81
3089,2,tackle,71
3094,2,tackle,82
3095,2,tackle,75
3097,2,tackle,98
3098,2,tackle,78
3099,2,tackle,50
3104,2,tackle,99
3106,2,tackle,106
3109,2,tackle,50
3112,2,tackle,78
3115,2,tackle,83
3117,2,tackle,98
3119,2,tackle,91
3125,2,tackle,100
3131,2,tackle,99
3134,2,tackle,93
3135,2,tackle,86
3136,2,tackle,90
3137,2,tackle,53
3140,2,tackle,94
3142,2,tackle,55
3143,2,tackle,68
3147,2,tackle,54
3149,2,tackle,87
3153,2,tackle,86
3154,2,tackle,72
3155,2,tackle,73
3157,2,tackle,87
3158,2,tackle,101
3159,2,tackle,93
3162,2,tackle,100
3168,2,tackle,82
3176,2,tackle,102
3180,2,tackle,84
3186,2,tackle,58
3187,2,tackle,70
3189,2,tackle,77
3192,2,tackle,68
3194,2,tackle,89
3195,2,tackle,59
3196,2,tackle,97
3198,2,tackle,73
3202,2,tackle,92
3203,2,tackle,94
3215,2,tackle,78
3216,2,tackle,73
3217,2,tackle,85
3218,2,tackle,81
3220,2,tackle,50
3221,2,tackle,48
3235,2,tackle,88
3240,2,tackle,83
3241,2,tackle,80
3250,2,tackle,68
3251,2,tackle,81
3253,2,tackle,96
3254,2,tackle,61
3255,2,tackle,71
3263,2,tackle,103
3271,2,tackle,53
3272,2,tackle,83
3277,2,tackle,64
3280,2,tackle,62
3281,2,tackle,105
3284,2,tackle,57
3286,2,tackle,106
3288,2,tackle,64
3289,2,tackle,85
3294,2,tackle,106
3297,2,tackle,61
3298,2,tackle,67
3303,2,tackle,70
3304,2,tackle,85
3310,2,tackle,54
3314,2,tackle,55
3319,2,tackle,70
3321,2,tackle,93
3323,2,tackle,80
3325,2,tackle,74
3326,2,tackle,83
3329,2,tackle,82
3333,2,tackle,82
3334,2,tackle,85
3335,2,tackle,81
3337,2,tackle,98
3340,2,tackle,85
3342,2,tackle,65
3344,2,tackle,67
3345,2,tackle,64
3351,2,tackle,100
3352,2,tackle,63
3359,2,tackle,81
3377,2,tackle,63
3381,2,tackle,94
3383,2,tackle,49
3385,2,tackle,97
3386,2,tackle,61
3388,2,tackle,53
3389,2,tackle,94
3391,2,tackle,54
3393,2,tackle,48
3394,2,tackle,78
3398,2,tackle,71
3399,2,tackle,86
3407,2,tackle,71
3409,2,tackle,93
3414,2,tackle,105
3422,2,tackle,92
3424,2,tackle,87
3430,2,tackle,98
3431,2,tackle,104
3436,2,tackle,95
3441,2,tackle,59
3448,2,tackle,88
3449,2,tackle,94
3450,2,tackle,88
3455,2,tackle,74
3456,2,tackle,81
3459,2,tackle,51
3464,2,tackle,61
3466,2,tackle,70
3468,2,tackle,67
3476,2,tackle,56
3481,2,tackle,84
3482,2,tackle,61
3483,2,tackle,64
3485,2,tackle,73
3488,2,tackle,88
3490,2,tackle,87
3493,2,tackle,75
3495,2,tackle,72
3499,2,tackle,51
3501,2,tackle,89
3504,2,tackle,81
3506,2,tackle,63
3509,2,tackle,85
3511,2,tackle,86
3513,2,tackle,105
3516,2,tackle,60
3517,2,tackle,84
3522,2,tackle,72
3525,2,tackle,79
3528,2,tackle,59
3532,2,tackle,69
3547,2,tackle,95
3548,2,tackle,55
3550,2,tackle,69
3552,2,tackle,96
3556,2,tackle,102
3558,2,tackle,50
3559,2,tackle,80
3563,2,tackle,106
3573,2,tackle,88
3575,2,tackle,96
3576,2,tackle,56
3577,2,tackle,50
3578,2,tackle,55
3579,2,tackle,95
3582,2,tackle,106
3587,2,tackle,95
3588,2,tackle,88
3596,2,tackle,91
3597,2,tackle,49
3604,2,tackle,77
3605,2,tackle,88
3607,2,tackle,106
3612,2,tackle,72
3616,2,tackle,71
3622,2,tackle,75
3623,2,tackle,91
3624,2,tackle,59
3625,2,tackle,71
3628,2,tackle,100
3630,2,tackle,80
1,2,tackle,34
12,2,tackle,66
14,2,tackle,23
16,2,tackle,108
18,2,tackle,56
20,2,tackle,67
23,2,tackle,107
35,2,tackle,89
38,2,tackle,10
41,2,tackle,30
42,2,tackle,123
50,2,tackle,91
59,2,tackle,93
60,2,tackle,30
62,2,tackle,100
64,2,tackle,18
67,2,tackle,82
69,2,tackle,4
76,2,tackle,112
83,2,tackle,19
84,2,tackle,105
86,2,tackle,70
89,2,tackle,13
92,2,tackle,9
93,2,tackle,110
94,2,tackle,8
95,2,tackle,22
96,2,tackle,53
103,2,tackle,96
107,2,tackle,36
116,2,tackle,116
119,2,tackle,38
120,2,tackle,124
128,2,tackle,98
138,2,tackle,42
140,2,tackle,95
141,2,tackle,61
142,2,tackle,14
146,2,tackle,41
149,2,tackle,86
152,2,tackle,74
153,2,tackle,53
155,2,tackle,115
166,2,tackle,85
167,2,tackle,95
169,2,tackle,73
172,2,tackle,19
174,2,tackle,29
175,2,tackle,23
176,2,tackle,45
177,2,tackle,18
178,2,tackle,97
179,2,tackle,124
188,2,tackle,29
192,2,tackle,43
193,2,tackle,3
195,2,tackle,31
197,2,tackle,10
198,2,tackle,27
199,2,tackle,3
206,2,tackle,11
214,2,tackle,62
216,2,tackle,84
218,2,tackle,8
221,2,tackle,112
226,2,tackle,74
231,2,tackle,54
232,2,tackle,45
233,2,tackle,56
235,2,tackle,47
239,2,tackle,114
240,2,tackle,115
245,2,tackle,71
265,2,tackle,19
270,2,tackle,114
271,2,tackle,68
272,2,tackle,20
273,2,tackle,101
274,2,tackle,115
276,2,tackle,72
277,2,tackle,3
279,2,tackle,39
280,2,tackle,53
283,2,tackle,20
291,2,tackle,74
294,2,tackle,39
299,2,tackle,87
300,2,tackle,8
305,2,tackle,80
307,2,tackle,57
308,2,tackle,94
313,2,tackle,11
317,2,tackle,40
320,2,tackle,10
326,2,tackle,109
331,2,tackle,107
335,2,tackle,118
340,2,tackle,20
345,2,tackle,17
348,2,tackle,57
349,2,tackle,26
350,2,tackle,125
356,2,tackle,79
357,2,tackle,111
359,2,tackle,83
363,2,tackle,113
364,2,tackle,29
365,2,tackle,59
366,2,tackle,105
370,2,tackle,103
371,2,tackle,124
378,2,tackle,67
389,2,tackle,93
397,2,tackle,61
399,2,tackle,74
401,2,tackle,44
403,2,tackle,59
409,2,tackle,57
413,2,tackle,55
416,2,tackle,102
417,2,tackle,46
418,2,tackle,6
420,2,tackle,89
421,2,tackle,45
423,2,tackle,105
424,2,tackle,34
425,2,tackle,93
428,2,tackle,38
433,2,tackle,103
437,2,tackle,115
440,2,tackle,46
441,2,tackle,36
442,2,tackle,58
446,2,tackle,82
447,2,tackle,62
450,2,tackle,117
454,2,tackle,42
457,2,tackle,3
462,2,tackle,72
467,2,tackle,110
468,2,tackle,124
471,2,tackle,102
472,2,tackle,102
476,2,tackle,49
477,2,tackle,45
479,2,tackle,15
485,2,tackle,98
486,2,tackle,60
487,2,tackle,89
494,2,tackle,59
495,2,tackle,86
497,2,tackle,104
502,2,tackle,17
503,2,tackle,59
506,2,tackle,109
508,2,tackle,86
512,2,tackle,61
516,2,tackle,88
519,2,tackle,72
540,2,tackle,83
541,2,tackle,109
542,2,tackle,3
548,2,tackle,47
552,2,tackle,29
557,2,tackle,85
561,2,tackle,20
562,2,tackle,19
563,2,tackle,85
565,2,tackle,77
568,2,tackle,64
570,2,tackle,86
571,2,tackle,72
573,2,tackle,35
578,2,tackle,108
580,2,tackle,20
588,2,tackle,43
589,2,tackle,66
591,2,tackle,96
592,2,tackle,81
594,2,tackle,89
598,2,tackle,57
601,2,tackle,5
602,2,tackle,39
607,2,tackle,107
608,2,tackle,13
610,2,tackle,87
611,2,tackle,101
614,2,tackle,89
615,2,tackle,29
617,2,tackle,58
619,2,tackle,97
620,2,tackle,59
621,2,tackle,115
622,2,tackle,12
623,2,tackle,5
624,2,tackle,81
627,2,tackle,17
628,2,tackle,88
633,2,tackle,22
634,2,tackle,77
636,2,tackle,4
637,2,tackle,82
640,2,tackle,15
650,2,tackle,49
651,2,tackle,57
657,2,tackle,43
660,2,tackle,20
661,2,tackle,81
662,2,tackle,110
664,2,tackle,44
667,2,tackle,41
668,2,tackle,18
669,2,tackle,99
676,2,tackle,19
679,2,tackle,76
680,2,tackle,124
681,2,tackle,125
682,2,tackle,39
688,2,tackle,106
693,2,tackle,72
696,2,tackle,76
701,2,tackle,125
704,2,tackle,90
705,2,tackle,120
711,2,tackle,120
713,2,tackle,111
722,2,tackle,112
725,2,tackle,116
736,2,tackle,75
741,2,tackle,63
744,2,tackle,82
745,2,tackle,48
752,2,tackle,65
753,2,tackle,32
754,2,tackle,100
755,2,tackle,26
757,2,tackle,93
760,2,tackle,96
762,2,tackle,36
763,2,tackle,48
764,2,tackle,90
765,2,tackle,52
766,2,tackle,15
770,2,tackle,39
773,2,tackle,86
775,2,tackle,91
776,2,tackle,26
778,2,tackle,33
779,2,tackle,38
780,2,tackle,108
790,2,tackle,52
795,2,tackle,86
796,2,tackle,104
811,2,tackle,126
812,2,tackle,23
813,2,tackle,39
814,2,tackle,15
815,2,tackle,87
817,2,tackle,115
820,2,tackle,28
822,2,tackle,110
830,2,tackle,74
832,2,tackle,55
833,2,tackle,17
835,2,tackle,105
836,2,tackle,13
838,2,tackle,13
839,2,tackle,87
851,2,tackle,114
853,2,tackle,100
854,2,tackle,110
855,2,tackle,10
857,2,tackle,99
858,2,tackle,7
860,2,tackle,20
862,2,tackle,126
864,2,tackle,38
869,2,tackle,56
870,2,tackle,64
874,2,tackle,79
880,2,tackle,114
882,2,tackle,87
883,2,tackle,67
885,2,tackle,10
886,2,tackle,30
890,2,tackle,115
895,2,tackle,73
899,2,tackle,126
904,2,tackle,39
906,2,tackle,107
908,2,tackle,20
923,2,tackle,17
933,2,tackle,10
937,2,tackle,71
942,2,tackle,68
945,2,tackle,104
947,2,tackle,94
951,2,tackle,97
955,2,tackle,78
958,2,tackle,97
968,2,tackle,61
971,2,tackle,43
975,2,tackle,50
976,2,tackle,55
977,2,tackle,113
982,2,tackle,73
983,2,tackle,39
984,2,tackle,17
985,2,tackle,29
986,2,tackle,20
988,2,tackle,94
996,2,tackle,76
997,2,tackle,39
1000,2,tackle,83
1002,2,tackle,74
1005,2,tackle,104
1010,2,tackle,59
1016,2,tackle,86
1022,2,tackle,80
1023,2,tackle,56
1031,2,tackle,3
1033,2,tackle,23
1034,2,tackle,124
1035,2,tackle,125
1041,2,tackle,5
1042,2,tackle,68
1052,2,tackle,80
1053,2,tackle,6
1060,2,tackle,73
1071,2,tackle,97
1077,2,tackle,121
1081,2,tackle,93
1085,2,tackle,88
1090,2,tackle,64
1091,2,tackle,17
1093,2,tackle,23
1095,2,tackle,15
1098,2,tackle,81
1109,2,tackle,21
1110,2,tackle,12
1117,2,tackle,53
1128,2,tackle,100
1134,2,tackle,60
1143,2,tackle,115
1145,2,tackle,122
1146,2,tackle,122
1148,2,tackle,102
1149,2,tackle,81
1154,2,tackle,118
1157,2,tackle,49
1159,2,tackle,11
1168,2,tackle,117
1172,2,tackle,32
1173,2,tackle,88
1175,2,tackle,75
1183,2,tackle,77
1191,2,tackle,53
1206,2,tackle,117
1209,2,tackle,122
1211,2,tackle,71
1212,2,tackle,114
1213,2,tackle,117
1214,2,tackle,83
1215,2,tackle,56
1216,2,tackle,13
1220,2,tackle,31
1227,2,tackle,26
1228,2,tackle,62
1229,2,tackle,35
1230,2,tackle,89
1234,2,tackle,8
1235,2,tackle,107
1237,2,tackle,19
1238,2,tackle,122
1240,2,tackle,100
1244,2,tackle,24
1245,2,tackle,70
1246,2,tackle,41
1248,2,tackle,93
1249,2,tackle,8
1253,2,tackle,108
1254,2,tackle,20
1257,2,tackle,11
1270,2,tackle,108
1278,2,tackle,53
1285,2,tackle,17
1288,2,tackle,85
1292,2,tackle,38
1301,2,tackle,125
1302,2,tackle,101
1305,2,tackle,58
1306,2,tackle,53
1308,2,tackle,79
1310,2,tackle,12
1312,2,tackle,26
1313,2,tackle,17
1315,2,tackle,76
1322,2,tackle,52
1325,2,tackle,90
1329,2,tackle,91
1333,2,tackle,70
1340,2,tackle,79
1342,2,tackle,41
1344,2,tackle,53
1345,2,tackle,44
1346,2,tackle,100
1350,2,tackle,95
1351,2,tackle,37
1356,2,tackle,77
1359,2,tackle,57
1360,2,tackle,66
1362,2,tackle,43
1365,2,tackle,48
1366,2,tackle,42
1368,2,tackle,106
1371,2,tackle,79
1382,2,tackle,90
1383,2,tackle,126
1384,2,tackle,77
1387,2,tackle,55
1388,2,tackle,64
1397,2,tackle,29
1398,2,tackle,13
1401,2,tackle,7
1403,2,tackle,39
1404,2,tackle,16
1410,2,tackle,76
1411,2,tackle,86
1414,2,tackle,72
1417,2,tackle,72
1418,2,tackle,59
1421,2,tackle,72
1422,2,tackle,54
1423,2,tackle,64
1424,2,tackle,29
1429,2,tackle,88
1432,2,tackle,45
1434,2,tackle,106
1435,2,tackle,54
1436,2,tackle,80
1438,2,tackle,53
1441,2,tackle,96
1445,2,tackle,18
1446,2,tackle,102
1448,2,tackle,14
1449,2,tackle,20
1452,2,tackle,102
1456,2,tackle,122
1458,2,tackle,41
1460,2,tackle,37
1463,2,tackle,18
1466,2,tackle,94
1470,2,tackle,62
1471,2,tackle,3
1472,2,tackle,16
1474,2,tackle,70
1475,2,tackle,84
1476,2,tackle,28
1478,2,tackle,8
1481,2,tackle,6
1485,2,tackle,94
1489,2,tackle,82
1491,2,tackle,49
1492,2,tackle,62
1495,2,tackle,95
1497,2,tackle,84
1499,2,tackle,56
1505,2,tackle,19
1506,2,tackle,107
1511,2,tackle,37
1514,2,tackle,16
1517,2,tackle,52
1519,2,tackle,64
1530,2,tackle,63
1539,2,tackle,82
1541,2,tackle,95
1543,2,tackle,7
1554,2,tackle,73
1555,2,tackle,86
1559,2,tackle,73
1562,2,tackle,62
1566,2,tackle,15
1567,2,tackle,55
1585,2,tackle,30
1586,2,tackle,123
1588,2,tackle,117
1590,2,tackle,111
1591,2,tackle,41
1593,2,tackle,26
1594,2,tackle,13
1595,2,tackle,99
1599,2,tackle,20
1600,2,tackle,15
1601,2,tackle,55
1602,2,tackle,39
1605,2,tackle,16
1609,2,tackle,5
1610,2,tackle,19
1611,2,tackle,43
1616,2,tackle,76
1617,2,tackle,6
1619,2,tackle,3
1620,2,tackle,48
1626,2,tackle,70
1627,2,tackle,91
1629,2,tackle,29
1631,2,tackle,71
1641,2,tackle,49
1644,2,tackle,85
1647,2,tackle,86
1648,2,tackle,99
1649,2,tackle,91
1650,2,tackle,7
1651,2,tackle,96
1652,2,tackle,118
1655,2,tackle,8
1656,2,tackle,16
1657,2,tackle,101
1658,2,tackle,118
1666,2,tackle,66
1668,2,tackle,124
1669,2,tackle,20
1670,2,tackle,51
1671,2,tackle,63
1672,2,tackle,6
1676,2,tackle,28
1677,2,tackle,53
1679,2,tackle,111
1683,2,tackle,38
1686,2,tackle,117
1688,2,tackle,42
1692,2,tackle,82
1703,2,tackle,68
1706,2,tackle,27
1708,2,tackle,60
1711,2,tackle,24
1717,2,tackle,54
1719,2,tackle,25
1721,2,tackle,18
1738,2,tackle,32
1742,2,tackle,51
1744,2,tackle,75
1750,2,tackle,81
1758,2,tackle,19
1761,2,tackle,49
1765,2,tackle,12
1768,2,tackle,71
1771,2,tackle,88
1774,2,tackle,57
1775,2,tackle,75
1787,2,tackle,97
1788,2,tackle,107
1790,2,tackle,39
1791,2,tackle,93
1796,2,tackle,36
1804,2,tackle,45
1808,2,tackle,103
1810,2,tackle,60
1812,2,tackle,122
1813,2,tackle,35
1814,2,tackle,14
1816,2,tackle,52
1822,2,tackle,96
1825,2,tackle,103
1832,2,tackle,121
1835,2,tackle,26
1839,2,tackle,103
1842,2,tackle,106
1844,2,tackle,46
1847,2,tackle,23
1848,2,tackle,95
1849,2,tackle,96
1850,2,tackle,109
1851,2,tackle,55
1853,2,tackle,42
1860,2,tackle,48
1861,2,tackle,58
1862,2,tackle,112
1866,2,tackle,63
1867,2,tackle,100
1868,2,tackle,60
1874,2,tackle,50
1878,2,tackle,67
1879,2,tackle,44
1880,2,tackle,99
1881,2,tackle,99
1882,2,tackle,21
1884,2,tackle,96
1886,2,tackle,14
1887,2,tackle,45
1891,2,tackle,101
1899,2,tackle,15
1900,2,tackle,81
1901,2,tackle,49
1903,2,tackle,79
1908,2,tackle,77
1911,2,tackle,13
1915,2,tackle,101
1917,2,tackle,75
1919,2,tackle,101
1923,2,tackle,103
1925,2,tackle,63
1929,2,tackle,34
1932,2,tackle,104
1937,2,tackle,90
1938,2,tackle,33
1944,2,tackle,110
1945,2,tackle,41
1946,2,tackle,123
1951,2,tackle,113
1952,2,tackle,6
1957,2,tackle,102
1972,2,tackle,58
1977,2,tackle,102
1982,2,tackle,3
1983,2,tackle,11
1984,2,tackle,77
1985,2,tackle,9
1987,2,tackle,67
1988,2,tackle,30
1992,2,tackle,104
1995,2,tackle,37
1997,2,tackle,93
2003,2,tackle,44
2007,2,tackle,77
2008,2,tackle,22
2009,2,tackle,63
2011,2,tackle,95
2016,2,tackle,80
2022,2,tackle,34
2035,2,tackle,32
2040,2,tackle,61
2041,2,tackle,113
2051,2,tackle,112
2057,2,tackle,106
2059,2,tackle,81
2063,2,tackle,109
2068,2,tackle,8
2071,2,tackle,54
2073,2,tackle,114
2075,2,tackle,63
2078,2,tackle,103
2082,2,tackle,57
2085,2,tackle,93
2087,2,tackle,75
2090,2,tackle,4
2093,2,tackle,106
2099,2,tackle,40
2100,2,tackle,66
2106,2,tackle,32
2107,2,tackle,32
2108,2,tackle,126
2110,2,tackle,96
2111,2,tackle,18
2112,2,tackle,96
2113,2,tackle,93
2118,2,tackle,10
2120,2,tackle,98
2122,2,tackle,87
2128,2,tackle,47
2129,2,tackle,67
2133,2,tackle,109
2146,2,tackle,107
2147,2,tackle,52
2156,2,tackle,122
2160,2,tackle,35
2163,2,tackle,101
2165,2,tackle,72
2166,2,tackle,95
2168,2,tackle,119
2178,2,tackle,100
2181,2,tackle,113
2182,2,tackle,10
2183,2,tackle,124
2184,2,tackle,65
2188,2,tackle,65
2191,2,tackle,74
2195,2,tackle,20
2196,2,tackle,120
2198,2,tackle,14
2200,2,tackle,19
2211,2,tackle,69
2212,2,tackle,115
2213,2,tackle,20
2215,2,tackle,110
2216,2,tackle,67
2217,2,tackle,31
2219,2,tackle,123
2220,2,tackle,18
2221,2,tackle,19
2222,2,tackle,21
2227,2,tackle,38
2230,2,tackle,82
2232,2,tackle,70
2237,2,tackle,58
2239,2,tackle,110
2240,2,tackle,120
2242,2,tackle,43
2249,2,tackle,33
2253,2,tackle,33
2255,2,tackle,17
2257,2,tackle,110
2267,2,tackle,56
2274,2,tackle,70
2282,2,tackle,94
2283,2,tackle,87
2285,2,tackle,126
2291,2,tackle,42
2296,2,tackle,21
2303,2,tackle,71
2304,2,tackle,95
2305,2,tackle,98
2315,2,tackle,108
2316,2,tackle,117
2323,2,tackle,29
2326,2,tackle,71
2328,2,tackle,74
2330,2,tackle,81
2333,2,tackle,9
2343,2,tackle,67
2344,2,tackle,6
2352,2,tackle,123
2357,2,tackle,30
2358,2,tackle,31
2359,2,tackle,6
2361,2,tackle,37
2364,2,tackle,52
2365,2,tackle,98
2370,2,tackle,86
2371,2,tackle,99
2378,2,tackle,105
2380,2,tackle,54
2382,2,tackle,83
2385,2,tackle,76
2389,2,tackle,17
2391,2,tackle,30
2394,2,tackle,107
2399,2,tackle,11
2403,2,tackle,85
2409,2,tackle,103
2411,2,tackle,91
2414,2,tackle,99
2415,2,tackle,109
2417,2,tackle,42
2418,2,tackle,40
2423,2,tackle,35
2425,2,tackle,88
2426,2,tackle,96
2428,2,tackle,15
2429,2,tackle,26
2431,2,tackle,30
2433,2,tackle,79
2435,2,tackle,25
2436,2,tackle,115
2440,2,tackle,86
2445,2,tackle,35
2447,2,tackle,106
2450,2,tackle,50
2451,2,tackle,38
2455,2,tackle,6
2456,2,tackle,44
2457,2,tackle,53
2459,2,tackle,65
2460,2,tackle,84
2462,2,tackle,125
2463,2,tackle,39
2465,2,tackle,88
2466,2,tackle,67
2467,2,tackle,56
2469,2,tackle,98
2471,2,tackle,124
2472,2,tackle,6
2473,2,tackle,99
2475,2,tackle,65
2476,2,tackle,84
2485,2,tackle,11
2486,2,tackle,52
2488,2,tackle,53
2489,2,tackle,68
2491,2,tackle,97
2494,2,tackle,104
2495,2,tackle,20
2499,2,tackle,36
2500,2,tackle,120
2501,2,tackle,103
2502,2,tackle,72
2509,2,tackle,120
2511,2,tackle,66
2513,2,tackle,43
2516,2,tackle,110
2517,2,tackle,37
2521,2,tackle,40
2523,2,tackle,49
2524,2,tackle,14
2525,2,tackle,17
2529,2,tackle,68
2530,2,tackle,15
2531,2,tackle,60
2535,2,tackle,96
2536,2,tackle,76
2538,2,tackle,88
2539,2,tackle,30
2540,2,tackle,41
2541,2,tackle,75
2545,2,tackle,75
2548,2,tackle,84
2549,2,tackle,53
2550,2,tackle,75
2553,2,tackle,80
2556,2,tackle,76
2557,2,tackle,17
2561,2,tackle,82
2563,2,tackle,98
2564,2,tackle,121
2566,2,tackle,66
2568,2,tackle,117
2569,2,tackle,37
2570,2,tackle,104
2571,2,tackle,67
2574,2,tackle,66
2579,2,tackle,118
2586,2,tackle,59
2590,2,tackle,121
2591,2,tackle,114
2596,2,tackle,125
2599,2,tackle,54
2602,2,tackle,30
2603,2,tackle,114
2605,2,tackle,102
2608,2,tackle,43
2610,2,tackle,70
2611,2,tackle,16
2615,2,tackle,90
2616,2,tackle,42
2618,2,tackle,64
2625,2,tackle,82
2628,2,tackle,47
2630,2,tackle,79
2632,2,tackle,12
2635,2,tackle,59
2638,2,tackle,95
2647,2,tackle,19
2648,2,tackle,20
2656,2,tackle,8
2660,2,tackle,74
2664,2,tackle,36
2665,2,tackle,70
2666,2,tackle,72
2670,2,tackle,110
2676,2,tackle,66
2679,2,tackle,101
2682,2,tackle,111
2688,2,tackle,49
2696,2,tackle,12
2697,2,tackle,39
2698,2,tackle,71
2699,2,tackle,103
2700,2,tackle,118
2701,2,tackle,73
2708,2,tackle,24
2712,2,tackle,57
2713,2,tackle,8
2717,2,tackle,48
2719,2,tackle,68
2721,2,tackle,93
2725,2,tackle,86
2743,2,tackle,124
2744,2,tackle,22
2745,2,tackle,82
2746,2,tackle,85
2749,2,tackle,119
2751,2,tackle,92
2752,2,tackle,62
2756,2,tackle,57
2757,2,tackle,62
2760,2,tackle,107
2762,2,tackle,37
2784,2,tackle,38
2788,2,tackle,8
2791,2,tackle,113
2792,2,tackle,12
2794,2,tackle,110
2796,2,tackle,22
2799,2,tackle,15
2800,2,tackle,11
2805,2,tackle,73
2806,2,tackle,30
2808,2,tackle,86
2809,2,tackle,5
2811,2,tackle,58
2813,2,tackle,67
2815,2,tackle,107
2822,2,tackle,53
2824,2,tackle,51
2825,2,tackle,53
2828,2,tackle,92
2832,2,tackle,4
2833,2,tackle,65
2835,2,tackle,64
2837,2,tackle,38
2844,2,tackle,81
2847,2,tackle,84
2852,2,tackle,3
2857,2,tackle,83
2862,2,tackle,63
2866,2,tackle,45
2870,2,tackle,45
2877,2,tackle,109
2879,2,tackle,42
2885,2,tackle,60
2886,2,tackle,46
2887,2,tackle,53
2890,2,tackle,114
2893,2,tackle,64
2894,2,tackle,53
2898,2,tackle,74
2899,2,tackle,9
2902,2,tackle,87
2906,2,tackle,41
2911,2,tackle,60
2913,2,tackle,73
2916,2,tackle,61
2919,2,tackle,77
2925,2,tackle,124
2928,2,tackle,90
2932,2,tackle,32
2933,2,tackle,113
2939,2,tackle,6
2941,2,tackle,10
2942,2,tackle,110
2944,2,tackle,25
2945,2,tackle,112
2949,2,tackle,78
2950,2,tackle,48
2953,2,tackle,31
2958,2,tackle,93
2959,2,tackle,3
2963,2,tackle,9
2965,2,tackle,96
2968,2,tackle,65
2971,2,tackle,33
2972,2,tackle,60
2975,2,tackle,124
2977,2,tackle,69
2978,2,tackle,82
2981,2,tackle,12
2983,2,tackle,48
2985,2,tackle,91
2987,2,tackle,123
2989,2,tackle,100
2991,2,tackle,67
2994,2,tackle,109
2995,2,tackle,9
2998,2,tackle,75
3007,2,tackle,45
3009,2,tackle,47
3010,2,tackle,9
3012,2,tackle,122
3013,2,tackle,44
3014,2,tackle,35
3017,2,tackle,14
3021,2,tackle,15
3022,2,tackle,116
3023,2,tackle,73
3025,2,tackle,35
3026,2,tackle,109
3027,2,tackle,53
3029,2,tackle,120
3030,2,tackle,10
3036,2,tackle,117
3037,2,tackle,118
3044,2,tackle,14
3045,2,tackle,56
3049,2,tackle,122
3051,2,tackle,31
3055,2,tackle,17
3059,2,tackle,59
3062,2,tackle,56
3064,2,tackle,99
3069,2,tackle,9
3071,2,tackle,100
3074,2,tackle,121
3076,2,tackle,49
3078,2,tackle,12
3079,2,tackle,90
3083,2,tackle,117
3092,2,tackle,35
3093,2,tackle,63
3095,2,tackle,107
3096,2,tackle,56
3097,2,tackle,35
3107,2,tackle,24
3110,2,tackle,5
3111,2,tackle,3
3116,2,tackle,15
3121,2,tackle,29
3122,2,tackle,79
3123,2,tackle,56
3124,2,tackle,121
3132,2,tackle,98
3136,2,tackle,32
3140,2,tackle,126
3141,2,tackle,79
3148,2,tackle,41
3150,2,tackle,61
3152,2,tackle,87
3156,2,tackle,32
3162,2,tackle,96
3164,2,tackle,20
3166,2,tackle,80
3169,2,tackle,70
3170,2,tackle,81
3175,2,tackle,32
3178,2,tackle,26
3179,2,tackle,33
3180,2,tackle,11
3181,2,tackle,46
3183,2,tackle,46
3188,2,tackle,73
3189,2,tackle,93
3190,2,tackle,118
3191,2,tackle,11
3194,2,tackle,117
3200,2,tackle,99
3201,2,tackle,38
3203,2,tackle,71
3206,2,tackle,81
3207,2,tackle,86
3210,2,tackle,77
3214,2,tackle,30
3216,2,tackle,51
3217,2,tackle,45
3222,2,tackle,90
3223,2,tackle,99
3227,2,tackle,90
3228,2,tackle,31
3229,2,tackle,6
3232,2,tackle,58
3234,2,tackle,105
3235,2,tackle,60
3236,2,tackle,30
3238,2,tackle,107
3245,2,tackle,92
3246,2,tackle,94
3252,2,tackle,72
3253,2,tackle,113
3259,2,tackle,46
3260,2,tackle,20
3261,2,tackle,56
3265,2,tackle,100
3267,2,tackle,104
3269,2,tackle,85
3270,2,tackle,82
3272,2,tackle,126
3279,2,tackle,120
3282,2,tackle,19
3285,2,tackle,17
3286,2,tackle,68
3291,2,tackle,40
3294,2,tackle,40
3295,2,tackle,72
3301,2,tackle,60
3304,2,tackle,54
3305,2,tackle,62
3306,2,tackle,79
3308,2,tackle,31
3312,2,tackle,45
3316,2,tackle,45
3317,2,tackle,78
3318,2,tackle,30
3319,2,tackle,91
3320,2,tackle,85
3322,2,tackle,91
3324,2,tackle,63
3325,2,tackle,68
3327,2,tackle,109
3328,2,tackle,89
3330,2,tackle,56
3333,2,tackle,41
3338,2,tackle,93
3339,2,tackle,41
3343,2,tackle,95
3344,2,tackle,96
3346,2,tackle,109
3349,2,tackle,109
3351,2,tackle,118
3355,2,tackle,60
3360,2,tackle,44
3374,2,tackle,122
3376,2,tackle,114
3379,2,tackle,59
3380,2,tackle,111
3383,2,tackle,82
3385,2,tackle,60
3389,2,tackle,116
3392,2,tackle,99
3394,2,tackle,119
3395,2,tackle,88
3396,2,tackle,80
3400,2,tackle,88
3401,2,tackle,126
3403,2,tackle,121
3405,2,tackle,59
3411,2,tackle,113
3412,2,tackle,55
3415,2,tackle,61
3418,2,tackle,102
3422,2,tackle,82
3425,2,tackle,21
3432,2,tackle,106
3437,2,tackle,47
3439,2,tackle,32
3445,2,tackle,54
3446,2,tackle,17
3447,2,tackle,99
3449,2,tackle,10
3450,2,tackle,125
3452,2,tackle,17
3454,2,tackle,54
3456,2,tackle,39
3457,2,tackle,98
3459,2,tackle,96
3461,2,tackle,64
3462,2,tackle,74
3463,2,tackle,125
3464,2,tackle,31
3469,2,tackle,20
3474,2,tackle,76
3477,2,tackle,74
3478,2,tackle,109
3480,2,tackle,103
3483,2,tackle,116
3498,2,tackle,57
3501,2,tackle,118
3503,2,tackle,54
3506,2,tackle,103
3508,2,tackle,65
3509,2,tackle,42
3511,2,tackle,73
3512,2,tackle,5
3516,2,tackle,101
3517,2,tackle,57
3520,2,tackle,99
3522,2,tackle,76
3525,2,tackle,12
3530,2,tackle,117
3533,2,tackle,63
3534,2,tackle,64
3537,2,tackle,107
3538,2,tackle,71
3545,2,tackle,124
3548,2,tackle,107
3552,2,tackle,56
3556,2,tackle,80
3557,2,tackle,88
3558,2,tackle,98
3560,2,tackle,79
3566,2,tackle,95
3568,2,tackle,15
3569,2,tackle,47
3570,2,tackle,126
3571,2,tackle,49
3574,2,tackle,79
3575,2,tackle,119
3578,2,tackle,58
3579,2,tackle,37
3580,2,tackle,18
3581,2,tackle,112
3585,2,tackle,29
3587,2,tackle,82
3588,2,tackle,121
3597,2,tackle,93
3599,2,tackle,80
3602,2,tackle,124
3603,2,tackle,87
3608,2,tackle,70
3610,2,tackle,29
3613,2,tackle,35
3614,2,tackle,3
3615,2,tackle,123
3620,2,tackle,107
3627,2,tackle,33
3630,2,tackle,83
3635,2,tackle,8
3640,2,tackle,110
3648,2,tackle,65
3656,2,tackle,55
3657,2,tackle,54
3658,2,tackle,110
3664,2,tackle,99
3665,2,tackle,38
3670,2,tackle,99
3672,2,tackle,79
3677,2,tackle,69
3678,2,tackle,86
3681,2,tackle,26
3685,2,tackle,112
3686,2,tackle,27
3688,2,tackle,123
3690,2,tackle,41
3693,2,tackle,65
3697,2,tackle,61
3698,2,tackle,92
3699,2,tackle,66
3700,2,tackle,67
3705,2,tackle,14
3706,2,tackle,46
3710,2,tackle,56
3711,2,tackle,125
3712,2,tackle,93
3713,2,tackle,24
3714,2,tackle,109
3715,2,tackle,76
3717,2,tackle,35
3720,2,tackle,126
3725,2,tackle,46
3737,2,tackle,75
3738,2,tackle,113
3740,2,tackle,118
3744,2,tackle,5
3758,2,tackle,93
3760,2,tackle,15
3764,2,tackle,8
3767,2,tackle,96
3769,2,tackle,62
3773,2,tackle,22
3778,2,tackle,105
3782,2,tackle,94
3783,2,tackle,36
3793,2,tackle,100
3795,2,tackle,108
3796,2,tackle,34
3801,2,tackle,71
3802,2,tackle,91
3803,2,tackle,97
3809,2,tackle,108
3813,2,tackle,78
3818,2,tackle,113
3821,2,tackle,56
3823,2,tackle,109
3829,2,tackle,52
3830,2,tackle,103
3832,2,tackle,38
3833,2,tackle,62
3834,2,tackle,95
3838,2,tackle,77
3840,2,tackle,13
3842,2,tackle,103
3843,2,tackle,89
3845,2,tackle,92
3848,2,tackle,71
3850,2,tackle,122
3854,2,tackle,87
3855,2,tackle,9
3857,2,tackle,24
3859,2,tackle,11
3860,2,tackle,44
3864,2,tackle,8
3866,2,tackle,13
3867,2,tackle,72
3873,2,tackle,33
3874,2,tackle,53
3875,2,tackle,32
3879,2,tackle,12
3889,2,tackle,55
3890,2,tackle,110
3896,2,tackle,12
3901,2,tackle,14
3903,2,tackle,68
3904,2,tackle,51
3906,2,tackle,80
3909,2,tackle,14
3910,2,tackle,4
3912,2,tackle,112
3913,2,tackle,43
3914,2,tackle,119
3921,2,tackle,110
3923,2,tackle,39
3926,2,tackle,4
3928,2,tackle,78
3931,2,tackle,45
3934,2,tackle,89
3939,2,tackle,60
3940,2,tackle,55
3941,2,tackle,95
3944,2,tackle,79
3945,2,tackle,76
3946,2,tackle,43
3948,2,tackle,48
3951,2,tackle,81
3958,2,tackle,71
3959,2,tackle,118
3963,2,tackle,85
3967,2,tackle,52
3968,2,tackle,50
3971,2,tackle,117
3976,2,tackle,78
3979,2,tackle,106
3980,2,tackle,34
3984,2,tackle,59
3988,2,tackle,37
3993,2,tackle,77
4000,2,tackle,20
4006,2,tackle,100
4009,2,tackle,116
4013,2,tackle,11
4015,2,tackle,36
4016,2,tackle,62
4026,2,tackle,111
4031,2,tackle,50
4035,2,tackle,55
4037,2,tackle,32
4039,2,tackle,97
4042,2,tackle,96
4044,2,tackle,122
4047,2,tackle,69
4051,2,tackle,110
4053,2,tackle,53
4054,2,tackle,54
4057,2,tackle,22
4062,2,tackle,40
4063,2,tackle,115
4069,2,tackle,103
4072,2,tackle,109
4074,2,tackle,116
4076,2,tackle,110
4082,2,tackle,47
4091,2,tackle,92
4097,2,tackle,81
4098,2,tackle,108
4102,2,tackle,3
4104,2,tackle,54
4106,2,tackle,16
4112,2,tackle,34
4114,2,tackle,123
4116,2,tackle,86
4132,2,tackle,10
4140,2,tackle,94
4141,2,tackle,95
4143,2,tackle,92
4157,2,tackle,115
4158,2,tackle,55
4162,2,tackle,113
4165,2,tackle,117
4173,2,tackle,66
4175,2,tackle,54
4176,2,tackle,69
4177,2,tackle,104
4179,2,tackle,120
4183,2,tackle,36
4184,2,tackle,96
4185,2,tackle,39
4187,2,tackle,16
4192,2,tackle,60
4198,2,tackle,23
4201,2,tackle,45
4202,2,tackle,117
4208,2,tackle,29
4217,2,tackle,17
4221,2,tackle,114
4223,2,tackle,80
4231,2,tackle,89
4236,2,tackle,54
4242,2,tackle,51
4243,2,tackle,117
4245,2,tackle,32
4247,2,tackle,18
4250,2,tackle,11
4252,2,tackle,103
4258,2,tackle,66
4260,2,tackle,125
4263,2,tackle,10
4268,2,tackle,23
4269,2,tackle,93
4275,2,tackle,52
4279,2,tackle,79
4284,2,tackle,104
4285,2,tackle,76
4289,2,tackle,87
4295,2,tackle,29
4297,2,tackle,111
4300,2,tackle,15
4302,2,tackle,103
4303,2,tackle,89
4305,2,tackle,55
4306,2,tackle,110
4308,2,tackle,85
4312,2,tackle,87
4327,2,tackle,61
4333,2,tackle,98
4335,2,tackle,72
4342,2,tackle,60
4345,2,tackle,83
4348,2,tackle,112
4352,2,tackle,124
4357,2,tackle,4
4359,2,tackle,61
4360,2,tackle,21
4369,2,tackle,25
4372,2,tackle,71
4375,2,tackle,117
4378,2,tackle,65
4381,2,tackle,8
4382,2,tackle,9
4384,2,tackle,51
4392,2,tackle,16
4394,2,tackle,32
4398,2,tackle,57
4400,2,tackle,64
4401,2,tackle,107
4403,2,tackle,44
4406,2,tackle,81
4407,2,tackle,116
4409,2,tackle,57
4415,2,tackle,112
4418,2,tackle,25
4419,2,tackle,46
4421,2,tackle,89
4426,2,tackle,118
4428,2,tackle,96
4431,2,tackle,44
4434,2,tackle,32
4438,2,tackle,82
4441,2,tackle,122
4443,2,tackle,114
4447,2,tackle,98
4450,2,tackle,33
4451,2,tackle,53
4456,2,tackle,77
4457,2,tackle,124
4461,2,tackle,90
4472,2,tackle,14
4481,2,tackle,44
4488,2,tackle,27
4494,2,tackle,121
4503,2,tackle,73
4510,2,tackle,46
4513,2,tackle,91
4514,2,tackle,20
4517,2,tackle,125
4519,2,tackle,88
4520,2,tackle,25
4524,2,tackle,89
4529,2,tackle,35
4530,2,tackle,112
4535,2,tackle,38
4538,2,tackle,39
4540,2,tackle,82
4545,2,tackle,96
4548,2,tackle,81
4550,2,tackle,50
4559,2,tackle,83
4561,2,tackle,124
4566,2,tackle,40
4571,2,tackle,96
4572,2,tackle,84
4576,2,tackle,14
4577,2,tackle,33
4578,2,tackle,3
4580,2,tackle,50
4586,2,tackle,97
4587,2,tackle,123
4589,2,tackle,29
4590,2,tackle,59
4599,2,tackle,69
4601,2,tackle,9
4604,2,tackle,16
4605,2,tackle,77
4608,2,tackle,6
4611,2,tackle,6
4612,2,tackle,124
4620,2,tackle,118
4621,2,tackle,117
4623,2,tackle,12
4624,2,tackle,93
4626,2,tackle,27
4627,2,tackle,17
4629,2,tackle,111
4630,2,tackle,62
4631,2,tackle,52
4635,2,tackle,7
4639,2,tackle,4
4640,2,tackle,29
4641,2,tackle,8
4643,2,tackle,73
5,2,tackle,131
6,2,tackle,130
7,2,tackle,85
8,2,tackle,86
10,2,tackle,106
12,2,tackle,100
13,2,tackle,110
14,2,tackle,92
17,2,tackle,133
18,2,tackle,102
33,2,tackle,88
34,2,tackle,82
35,2,tackle,90
37,2,tackle,119
38,2,tackle,94
39,2,tackle,122
40,2,tackle,84
43,2,tackle,92
48,2,tackle,94
56,2,tackle,133
61,2,tackle,79
65,2,tackle,124
66,2,tackle,94
67,2,tackle,117
74,2,tackle,105
81,2,tackle,106
86,2,tackle,123
92,2,tackle,130
94,2,tackle,86
95,2,tackle,126
98,2,tackle,96
102,2,tackle,112
115,2,tackle,112
116,2,tackle,120
120,2,tackle,89
129,2,tackle,129
132,2,tackle,116
133,2,tackle,105
144,2,tackle,126
145,2,tackle,107
150,2,tackle,95
151,2,tackle,85
158,2,tackle,133
160,2,tackle,112
162,2,tackle,80
166,2,tackle,82
174,2,tackle,84
175,2,tackle,116
179,2,tackle,112
182,2,tackle,91
183,2,tackle,127
189,2,tackle,81
193,2,tackle,123
194,2,tackle,83
198,2,tackle,125
203,2,tackle,103
210,2,tackle,101
213,2,tackle,89
215,2,tackle,91
219,2,tackle,95
224,2,tackle,102
225,2,tackle,132
231,2,tackle,120
234,2,tackle,107
235,2,tackle,104
241,2,tackle,111
242,2,tackle,100
243,2,tackle,86
248,2,tackle,123
250,2,tackle,101
251,2,tackle,93
252,2,tackle,101
255,2,tackle,91
261,2,tackle,113
265,2,tackle,111
267,2,tackle,86
270,2,tackle,130
271,2,tackle,84
274,2,tackle,132
275,2,tackle,121
277,2,tackle,121
279,2,tackle,91
280,2,tackle,109
286,2,tackle,116
289,2,tackle,84
293,2,tackle,96
297,2,tackle,102
303,2,tackle,132
304,2,tackle,106
306,2,tackle,98
309,2,tackle,123
311,2,tackle,129
313,2,tackle,95
316,2,tackle,97
318,2,tackle,107
319,2,tackle,103
323,2,tackle,114
324,2,tackle,129
329,2,tackle,118
331,2,tackle,86
335,2,tackle,128
336,2,tackle,88
338,2,tackle,89
339,2,tackle,112
340,2,tackle,114
341,2,tackle,116
362,2,tackle,99
363,2,tackle,114
367,2,tackle,123
369,2,tackle,127
371,2,tackle,109
373,2,tackle,92
379,2,tackle,119
381,2,tackle,114
383,2,tackle,86
386,2,tackle,130
392,2,tackle,118
394,2,tackle,87
396,2,tackle,118
400,2,tackle,83
403,2,tackle,94
406,2,tackle,88
409,2,tackle,120
410,2,tackle,82
411,2,tackle,92
414,2,tackle,85
415,2,tackle,123
417,2,tackle,103
422,2,tackle,102
424,2,tackle,98
426,2,tackle,121
431,2,tackle,122
432,2,tackle,105
434,2,tackle,84
437,2,tackle,126
440,2,tackle,86
442,2,tackle,118
444,2,tackle,92
446,2,tackle,89
447,2,tackle,90
449,2,tackle,123
452,2,tackle,129
453,2,tackle,110
458,2,tackle,126
462,2,tackle,133
463,2,tackle,116
466,2,tackle,119
472,2,tackle,114
476,2,tackle,88
477,2,tackle,84
493,2,tackle,128
495,2,tackle,82
499,2,tackle,99
504,2,tackle,127
505,2,tackle,127
518,2,tackle,131
520,2,tackle,129
521,2,tackle,124
526,2,tackle,101
530,2,tackle,123
537,2,tackle,99
538,2,tackle,90
539,2,tackle,123
541,2,tackle,86
544,2,tackle,109
545,2,tackle,128
546,2,tackle,99
548,2,tackle,127
549,2,tackle,119
559,2,tackle,133
563,2,tackle,105
565,2,tackle,131
567,2,tackle,88
569,2,tackle,81
571,2,tackle,127
580,2,tackle,92
581,2,tackle,132
588,2,tackle,125
591,2,tackle,130
592,2,tackle,82
593,2,tackle,97
594,2,tackle,104
595,2,tackle,124
597,2,tackle,84
601,2,tackle,102
607,2,tackle,126
612,2,tackle,95
618,2,tackle,90
619,2,tackle,96
624,2,tackle,95
630,2,tackle,84
632,2,tackle,92
633,2,tackle,112
636,2,tackle,91
638,2,tackle,106
643,2,tackle,97
649,2,tackle,105
650,2,tackle,116
655,2,tackle,82
658,2,tackle,113
659,2,tackle,116
662,2,tackle,107
664,2,tackle,119
667,2,tackle,125
668,2,tackle,115
669,2,tackle,132
670,2,tackle,118
672,2,tackle,90
673,2,tackle,133
674,2,tackle,94
680,2,tackle,91
685,2,tackle,117
686,2,tackle,89
694,2,tackle,120
695,2,tackle,119
697,2,tackle,84
700,2,tackle,109
701,2,tackle,79
706,2,tackle,132
707,2,tackle,105
713,2,tackle,124
715,2,tackle,131
720,2,tackle,84
722,2,tackle,82
723,2,tackle,108
724,2,tackle,95
731,2,tackle,88
736,2,tackle,123
741,2,tackle,100
742,2,tackle,94
746,2,tackle,101
751,2,tackle,91
753,2,tackle,115
754,2,tackle,83
755,2,tackle,119
759,2,tackle,99
763,2,tackle,103
764,2,tackle,115
766,2,tackle,117
771,2,tackle,103
772,2,tackle,79
777,2,tackle,80
783,2,tackle,129
785,2,tackle,81
786,2,tackle,119
792,2,tackle,104
794,2,tackle,133
797,2,tackle,121
807,2,tackle,95
822,2,tackle,105
825,2,tackle,115
828,2,tackle,126
831,2,tackle,132
834,2,tackle,99
836,2,tackle,118
837,2,tackle,127
839,2,tackle,131
846,2,tackle,104
848,2,tackle,81
849,2,tackle,111
854,2,tackle,132
868,2,tackle,107
874,2,tackle,103
877,2,tackle,95
879,2,tackle,84
883,2,tackle,116
887,2,tackle,107
889,2,tackle,93
891,2,tackle,132
894,2,tackle,82
898,2,tackle,91
901,2,tackle,111
903,2,tackle,88
904,2,tackle,102
908,2,tackle,87
916,2,tackle,133
917,2,tackle,83
919,2,tackle,121
922,2,tackle,81
924,2,tackle,88
933,2,tackle,128
934,2,tackle,128
936,2,tackle,82
938,2,tackle,99
942,2,tackle,133
945,2,tackle,90
946,2,tackle,84
948,2,tackle,131
950,2,tackle,129
952,2,tackle,123
954,2,tackle,81
959,2,tackle,112
960,2,tackle,86
963,2,tackle,97
964,2,tackle,79
968,2,tackle,94
973,2,tackle,108
975,2,tackle,83
979,2,tackle,86
980,2,tackle,94
981,2,tackle,120
983,2,tackle,114
984,2,tackle,126
985,2,tackle,128
987,2,tackle,130
989,2,tackle,117
990,2,tackle,87
997,2,tackle,80
1000,2,tackle,122
1002,2,tackle,132
1004,2,tackle,114
1008,2,tackle,99
1009,2,tackle,128
1011,2,tackle,128
1017,2,tackle,80
1020,2,tackle,114
1022,2,tackle,112
1023,2,tackle,121
1025,2,tackle,110
1027,2,tackle,106
1030,2,tackle,126
1031,2,tackle,112
1034,2,tackle,112
1037,2,tackle,101
1038,2,tackle,121
1040,2,tackle,117
1043,2,tackle,94
1045,2,tackle,123
1046,2,tackle,132
1047,2,tackle,86
1048,2,tackle,97
1052,2,tackle,110
1053,2,tackle,112
1056,2,tackle,129
1063,2,tackle,100
1065,2,tackle,95
1068,2,tackle,89
1070,2,tackle,126
1076,2,tackle,91
1078,2,tackle,120
1080,2,tackle,91
1086,2,tackle,99
1088,2,tackle,91
1090,2,tackle,117
1092,2,tackle,88
1094,2,tackle,91
1095,2,tackle,130
1099,2,tackle,125
1105,2,tackle,98
1110,2,tackle,132
1113,2,tackle,126
1117,2,tackle,113
1119,2,tackle,100
1121,2,tackle,104
1123,2,tackle,123
1125,2,tackle,127
1130,2,tackle,108
1134,2,tackle,123
1137,2,tackle,84
1138,2,tackle,80
1140,2,tackle,121
1142,2,tackle,115
1147,2,tackle,111
1158,2,tackle,128
1165,2,tackle,105
1167,2,tackle,132
1169,2,tackle,123
1171,2,tackle,94
1173,2,tackle,90
1174,2,tackle,81
1177,2,tackle,102
1179,2,tackle,113
1180,2,tackle,79
1190,2,tackle,126
1192,2,tackle,115
1199,2,tackle,94
1200,2,tackle,96
1201,2,tackle,121
1206,2,tackle,82
1208,2,tackle,89
1216,2,tackle,127
1217,2,tackle,95
1218,2,tackle,105
1220,2,tackle,95
1227,2,tackle,118
1229,2,tackle,95
1230,2,tackle,121
1231,2,tackle,83
1236,2,tackle,93
1237,2,tackle,89
1239,2,tackle,103
1247,2,tackle,85
1251,2,tackle,121
1258,2,tackle,106
1259,2,tackle,120
1260,2,tackle,110
1262,2,tackle,101
1263,2,tackle,90
1264,2,tackle,106
1267,2,tackle,92
1268,2,tackle,129
1269,2,tackle,123
1271,2,tackle,93
1273,2,tackle,82
1276,2,tackle,87
1279,2,tackle,120
1280,2,tackle,88
1282,2,tackle,118
1284,2,tackle,112
1287,2,tackle,91
1288,2,tackle,126
1289,2,tackle,126
1291,2,tackle,105
1295,2,tackle,133
1297,2,tackle,127
1300,2,tackle,93
1302,2,tackle,133
1303,2,tackle,117
1304,2,tackle,92
1306,2,tackle,99
1316,2,tackle,117
1320,2,tackle,100
1322,2,tackle,99
1323,2,tackle,96
1326,2,tackle,132
1328,2,tackle,109
1329,2,tackle,133
1332,2,tackle,103
1341,2,tackle,88
1342,2,tackle,99
1344,2,tackle,79
1350,2,tackle,122
1353,2,tackle,113
1355,2,tackle,115
1358,2,tackle,85
1360,2,tackle,118
1362,2,tackle,121
1373,2,tackle,94
1375,2,tackle,132
1377,2,tackle,121
1382,2,tackle,103
1386,2,tackle,100
1393,2,tackle,82
1394,2,tackle,103
1398,2,tackle,99
1403,2,tackle,116
1404,2,tackle,101
1408,2,tackle,122
1410,2,tackle,131
1412,2,tackle,112
1416,2,tackle,132
1417,2,tackle,113
1419,2,tackle,128
1421,2,tackle,109
1426,2,tackle,95
1427,2,tackle,98
1430,2,tackle,131
1431,2,tackle,131
1433,2,tackle,111
1436,2,tackle,81
1443,2,tackle,132
1444,2,tackle,99
1451,2,tackle,107
1453,2,tackle,119
1455,2,tackle,79
1457,2,tackle,80
1459,2,tackle,99
1460,2,tackle,87
1462,2,tackle,97
1464,2,tackle,131
1467,2,tackle,107
1469,2,tackle,105
1471,2,tackle,102
1473,2,tackle,111
1478,2,tackle,123
1479,2,tackle,84
1482,2,tackle,123
1491,2,tackle,81
1493,2,tackle,121
1495,2,tackle,109
1496,2,tackle,124
1501,2,tackle,117
1503,2,tackle,108
1504,2,tackle,129
1505,2,tackle,84
1506,2,tackle,87
1512,2,tackle,126
1516,2,tackle,105
1518,2,tackle,81
1520,2,tackle,83
1526,2,tackle,98
1535,2,tackle,92
1537,2,tackle,82
1546,2,tackle,111
1549,2,tackle,97
1550,2,tackle,101
1551,2,tackle,99
1552,2,tackle,131
1554,2,tackle,125
1555,2,tackle,85
1558,2,tackle,118
1560,2,tackle,81
1562,2,tackle,97
1563,2,tackle,120
1565,2,tackle,123
1567,2,tackle,91
1568,2,tackle,101
1569,2,tackle,126
1573,2,tackle,100
1574,2,tackle,104
1588,2,tackle,82
1589,2,tackle,84
1590,2,tackle,84
1593,2,tackle,133
1596,2,tackle,80
1599,2,tackle,82
1600,2,tackle,81
1605,2,tackle,117
1606,2,tackle,113
1607,2,tackle,114
1611,2,tackle,119
1617,2,tackle,131
1621,2,tackle,112
1624,2,tackle,130
1627,2,tackle,91
1629,2,tackle,130
1631,2,tackle,114
1635,2,tackle,101
1636,2,tackle,79
1637,2,tackle,88
1644,2,tackle,87
1647,2,tackle,111
1650,2,tackle,132
1652,2,tackle,92
1657,2,tackle,117
1660,2,tackle,93
1661,2,tackle,81
1662,2,tackle,85
1663,2,tackle,118
1667,2,tackle,113
1668,2,tackle,121
1669,2,tackle,130
1671,2,tackle,101
1673,2,tackle,93
1675,2,tackle,84
1677,2,tackle,125
1679,2,tackle,130
1680,2,tackle,109
1683,2,tackle,81
1690,2,tackle,119
1691,2,tackle,119
1693,2,tackle,104
1694,2,tackle,124
1696,2,tackle,125
1701,2,tackle,88
1704,2,tackle,80
1707,2,tackle,113
1709,2,tackle,110
1716,2,tackle,114
1717,2,tackle,81
1719,2,tackle,132
1720,2,tackle,94
1723,2,tackle,85
1731,2,tackle,106
1732,2,tackle,86
1735,2,tackle,91
1743,2,tackle,95
1744,2,tackle,92
1746,2,tackle,132
1750,2,tackle,97
1751,2,tackle,112
1753,2,tackle,89
1754,2,tackle,97
1756,2,tackle,131
1758,2,tackle,124
1759,2,tackle,81
1765,2,tackle,114
1767,2,tackle,90
1769,2,tackle,87
1773,2,tackle,132
1774,2,tackle,111
1776,2,tackle,121
1777,2,tackle,130
1783,2,tackle,84
1784,2,tackle,121
1786,2,tackle,133
1789,2,tackle,85
1792,2,tackle,90
1800,2,tackle,98
1801,2,tackle,132
1807,2,tackle,104
1811,2,tackle,79
1813,2,tackle,123
1815,2,tackle,122
1816,2,tackle,95
1817,2,tackle,113
1819,2,tackle,83
1821,2,tackle,87
1826,2,tackle,104
1831,2,tackle,121
1832,2,tackle,107
1834,2,tackle,123
1836,2,tackle,128
1838,2,tackle,132
1840,2,tackle,118
1843,2,tackle,98
1845,2,tackle,124
1847,2,tackle,84
1852,2,tackle,80
1854,2,tackle,105
1855,2,tackle,110
1861,2,tackle,114
1866,2,tackle,126
1867,2,tackle,113
1869,2,tackle,96
1870,2,tackle,112
1872,2,tackle,120
1873,2,tackle,107
1874,2,tackle,123
1876,2,tackle,97
1877,2,tackle,92
1880,2,tackle,95
1883,2,tackle,132
1885,2,tackle,127
1892,2,tackle,102
1893,2,tackle,106
1895,2,tackle,103
1899,2,tackle,110
1903,2,tackle,94
1907,2,tackle,128
1908,2,tackle,98
1910,2,tackle,112
1911,2,tackle,103
1916,2,tackle,106
1917,2,tackle,132
1918,2,tackle,124
1919,2,tackle,84
1922,2,tackle,126
1925,2,tackle,113
1927,2,tackle,107
1932,2,tackle,126
1933,2,tackle,120
1937,2,tackle,89
1939,2,tackle,111
1942,2,tackle,91
1954,2,tackle,104
1957,2,tackle,106
1959,2,tackle,90
1966,2,tackle,108
1967,2,tackle,122
1968,2,tackle,115
1970,2,tackle,126
1972,2,tackle,95
1973,2,tackle,97
1975,2,tackle,123
1976,2,tackle,104
1980,2,tackle,96
1990,2,tackle,122
2010,2,tackle,107
2020,2,tackle,125
2026,2,tackle,111
2029,2,tackle,93
2030,2,tackle,124
2040,2,tackle,101
2041,2,tackle,88
2053,2,tackle,122
2063,2,tackle,104
2065,2,tackle,106
2066,2,tackle,118
2072,2,tackle,92
2074,2,tackle,109
2075,2,tackle,128
2078,2,tackle,118
2087,2,tackle,133
2090,2,tackle,95
2092,2,tackle,105
2093,2,tackle,86
2095,2,tackle,121
2096,2,tackle,91
2097,2,tackle,81
2098,2,tackle,88
2101,2,tackle,131
2102,2,tackle,105
2104,2,tackle,92
2105,2,tackle,104
2106,2,tackle,89
2107,2,tackle,97
2111,2,tackle,126
2115,2,tackle,101
2116,2,tackle,116
2117,2,tackle,79
2120,2,tackle,133
2125,2,tackle,122
2126,2,tackle,104
2132,2,tackle,104
2135,2,tackle,80
2136,2,tackle,92
2139,2,tackle,114
2142,2,tackle,128
2156,2,tackle,102
2158,2,tackle,94
2162,2,tackle,105
2165,2,tackle,106
2171,2,tackle,107
2177,2,tackle,129
2181,2,tackle,130
2182,2,tackle,87
2183,2,tackle,125
2184,2,tackle,111
2185,2,tackle,90
2193,2,tackle,114
2198,2,tackle,92
2200,2,tackle,86
2201,2,tackle,92
2206,2,tackle,104
2208,2,tackle,86
2209,2,tackle,107
2212,2,tackle,105
2219,2,tackle,83
2221,2,tackle,86
2224,2,tackle,127
2225,2,tackle,81
2227,2,tackle,114
2229,2,tackle,133
2234,2,tackle,133
2242,2,tackle,87
2246,2,tackle,112
2249,2,tackle,113
2251,2,tackle,92
2253,2,tackle,82
2255,2,tackle,132
2257,2,tackle,90
2258,2,tackle,111
2260,2,tackle,119
2262,2,tackle,122
2263,2,tackle,91
2264,2,tackle,96
2265,2,tackle,119
2266,2,tackle,98
2269,2,tackle,97
2270,2,tackle,114
2277,2,tackle,133
2278,2,tackle,106
2281,2,tackle,92
2285,2,tackle,87
2286,2,tackle,124
2294,2,tackle,111
2298,2,tackle,99
2303,2,tackle,81
2306,2,tackle,114
2308,2,tackle,102
2309,2,tackle,89
2321,2,tackle,103
2323,2,tackle,129
2328,2,tackle,109
2329,2,tackle,133
2333,2,tackle,111
2335,2,tackle,84
2340,2,tackle,128
2342,2,tackle,111
2345,2,tackle,109
2348,2,tackle,86
2350,2,tackle,116
2353,2,tackle,103
2354,2,tackle,86
2355,2,tackle,98
2366,2,tackle,108
2367,2,tackle,133
2371,2,tackle,126
2372,2,tackle,82
2375,2,tackle,94
2376,2,tackle,133
2379,2,tackle,133
2382,2,tackle,88
2384,2,tackle,85
2397,2,tackle,126
2399,2,tackle,114
2403,2,tackle,97
2404,2,tackle,127
2406,2,tackle,107
2418,2,tackle,132
2428,2,tackle,115
2429,2,tackle,121
2433,2,tackle,123
2439,2,tackle,124
2446,2,tackle,106
2448,2,tackle,109
2452,2,tackle,80
2453,2,tackle,112
2455,2,tackle,122
2459,2,tackle,128
2462,2,tackle,132
2465,2,tackle,133
2467,2,tackle,89
2474,2,tackle,123
2476,2,tackle,88
2479,2,tackle,128
2481,2,tackle,117
2485,2,tackle,104
2487,2,tackle,99
2488,2,tackle,95
2491,2,tackle,110
2493,2,tackle,83
2496,2,tackle,123
2508,2,tackle,84
2510,2,tackle,79
2513,2,tackle,85
2514,2,tackle,87
2517,2,tackle,85
2523,2,tackle,81
2525,2,tackle,93
2526,2,tackle,94
2527,2,tackle,123
2529,2,tackle,101
2531,2,tackle,91
2535,2,tackle,124
2538,2,tackle,83
2539,2,tackle,91
2541,2,tackle,128
2542,2,tackle,80
2545,2,tackle,83
2546,2,tackle,89
2550,2,tackle,93
2551,2,tackle,120
2555,2,tackle,110
2556,2,tackle,124
2560,2,tackle,82
2563,2,tackle,131
2565,2,tackle,115
2566,2,tackle,109
2569,2,tackle,96
2575,2,tackle,123
2582,2,tackle,84
2584,2,tackle,114
2585,2,tackle,108
2590,2,tackle,83
2593,2,tackle,128
2594,2,tackle,94
2603,2,tackle,81
2605,2,tackle,79
2607,2,tackle,83
2608,2,tackle,113
2609,2,tackle,120
2611,2,tackle,102
2614,2,tackle,121
2618,2,tackle,98
2621,2,tackle,106
2625,2,tackle,105
2626,2,tackle,106
2627,2,tackle,96
2630,2,tackle,113
2638,2,tackle,105
2643,2,tackle,97
2652,2,tackle,111
2658,2,tackle,101
2659,2,tackle,119
2665,2,tackle,86
2666,2,tackle,109
2671,2,tackle,89
2672,2,tackle,119
2674,2,tackle,109
2676,2,tackle,90
2679,2,tackle,98
2685,2,tackle,126
2687,2,tackle,88
2688,2,tackle,116
2694,2,tackle,118
2696,2,tackle,108
2698,2,tackle,96
2699,2,tackle,96
2705,2,tackle,113
2708,2,tackle,131
2712,2,tackle,109
2713,2,tackle,83
2719,2,tackle,117
2720,2,tackle,93
2725,2,tackle,100
2727,2,tackle,103
2729,2,tackle,114
2732,2,tackle,97
2735,2,tackle,115
2736,2,tackle,97
2737,2,tackle,112
2746,2,tackle,114
2749,2,tackle,101
2750,2,tackle,106
2751,2,tackle,81
2768,2,tackle,83
2769,2,tackle,128
2771,2,tackle,105
2772,2,tackle,90
2780,2,tackle,110
2781,2,tackle,115
2783,2,tackle,132
2785,2,tackle,87
2788,2,tackle,119
2790,2,tackle,123
2795,2,tackle,120
2798,2,tackle,99
2801,2,tackle,91
2802,2,tackle,86
2803,2,tackle,88
2804,2,tackle,95
2806,2,tackle,98
2808,2,tackle,127
2810,2,tackle,111
2814,2,tackle,94
2820,2,tackle,113
2821,2,tackle,120
2824,2,tackle,92
2828,2,tackle,131
2832,2,tackle,113
2833,2,tackle,101
2834,2,tackle,104
2839,2,tackle,123
2840,2,tackle,90
2841,2,tackle,80
2844,2,tackle,93
2845,2,tackle,88
2847,2,tackle,106
2853,2,tackle,95
2856,2,tackle,105
2857,2,tackle,129
2860,2,tackle,104
2861,2,tackle,95
2863,2,tackle,129
2865,2,tackle,130
2866,2,tackle,118
2871,2,tackle,101
2875,2,tackle,101
2876,2,tackle,91
2879,2,tackle,80
2882,2,tackle,86
2883,2,tackle,99
2885,2,tackle,84
2886,2,tackle,94
2887,2,tackle,122
2888,2,tackle,109
2890,2,tackle,122
2891,2,tackle,93
2894,2,tackle,93
2903,2,tackle,89
2908,2,tackle,130
2909,2,tackle,120
2910,2,tackle,128
2918,2,tackle,115
2922,2,tackle,127
2923,2,tackle,121
2925,2,tackle,117
2932,2,tackle,127
2937,2,tackle,102
2940,2,tackle,83
2941,2,tackle,125
2951,2,tackle,120
2952,2,tackle,133
2956,2,tackle,98
2957,2,tackle,101
2962,2,tackle,91
2966,2,tackle,106
2971,2,tackle,82
2974,2,tackle,89
2975,2,tackle,133
2977,2,tackle,110
2987,2,tackle,99
2993,2,tackle,112
2997,2,tackle,101
3000,2,tackle,90
3004,2,tackle,115
3005,2,tackle,107
3012,2,tackle,126
3013,2,tackle,122
3014,2,tackle,133
3015,2,tackle,121
3016,2,tackle,131
3018,2,tackle,94
3020,2,tackle,126
3022,2,tackle,124
3023,2,tackle,118
3029,2,tackle,128
3031,2,tackle,102
3033,2,tackle,98
3034,2,tackle,121
3035,2,tackle,94
3041,2,tackle,102
3046,2,tackle,89
3053,2,tackle,103
3055,2,tackle,86
3056,2,tackle,118
3065,2,tackle,132
3066,2,tackle,89
3067,2,tackle,131
3069,2,tackle,94
3070,2,tackle,90
3077,2,tackle,113
3078,2,tackle,91
3080,2,tackle,85
3083,2,tackle,116
3084,2,tackle,95
3111,2,tackle,102
3118,2,tackle,87
3120,2,tackle,130
3121,2,tackle,83
3123,2,tackle,106
3126,2,tackle,109
3128,2,tackle,124
3130,2,tackle,110
3131,2,tackle,130
3132,2,tackle,126
3139,2,tackle,89
3142,2,tackle,107
3148,2,tackle,94
3150,2,tackle,96
3152,2,tackle,126
3154,2,tackle,131
3155,2,tackle,93
3159,2,tackle,123
3161,2,tackle,96
3165,2,tackle,83
3166,2,tackle,117
3167,2,tackle,94
3172,2,tackle,79
3174,2,tackle,115
3177,2,tackle,81
3178,2,tackle,111
3180,2,tackle,115
3181,2,tackle,105
3185,2,tackle,110
3187,2,tackle,80
3191,2,tackle,122
3195,2,tackle,127
3198,2,tackle,126
3199,2,tackle,95
3203,2,tackle,94
3205,2,tackle,124
3211,2,tackle,110
3212,2,tackle,82
3213,2,tackle,100
3214,2,tackle,129
3219,2,tackle,120
3221,2,tackle,117
3222,2,tackle,79
3229,2,tackle,92
3231,2,tackle,98
3232,2,tackle,102
3233,2,tackle,109
3235,2,tackle,89
3242,2,tackle,83
3243,2,tackle,121
3249,2,tackle,90
3259,2,tackle,117
3260,2,tackle,109
3262,2,tackle,99
3263,2,tackle,107
3268,2,tackle,115
3270,2,tackle,128
3281,2,tackle,109
3282,2,tackle,82
3284,2,tackle,105
3285,2,tackle,111
3294,2,tackle,124
3295,2,tackle,129
3297,2,tackle,101
3298,2,tackle,130
3303,2,tackle,104
3309,2,tackle,98
3313,2,tackle,79
3314,2,tackle,132
3316,2,tackle,91
3319,2,tackle,88
3325,2,tackle,132
3326,2,tackle,82
3335,2,tackle,88
3336,2,tackle,103
3337,2,tackle,127
3338,2,tackle,106
3339,2,tackle,93
3344,2,tackle,83
3345,2,tackle,90
3346,2,tackle,79
3348,2,tackle,131
3349,2,tackle,99
3350,2,tackle,118
3358,2,tackle,87
3362,2,tackle,89
3364,2,tackle,92
3365,2,tackle,87
3367,2,tackle,130
3369,2,tackle,79
3370,2,tackle,89
3373,2,tackle,110
3375,2,tackle,133
3376,2,tackle,84
3383,2,tackle,87
3385,2,tackle,128
3389,2,tackle,123
3403,2,tackle,128
3409,2,tackle,91
3414,2,tackle,132
3421,2,tackle,103
3422,2,tackle,130
3423,2,tackle,101
3425,2,tackle,125
3426,2,tackle,124
3428,2,tackle,91
3429,2,tackle,108
3430,2,tackle,103
3435,2,tackle,112
3436,2,tackle,83
3441,2,tackle,111
3444,2,tackle,82
3448,2,tackle,96
3449,2,tackle,112
3451,2,tackle,96
3459,2,tackle,125
3462,2,tackle,114
3463,2,tackle,89
3467,2,tackle,91
3468,2,tackle,119
3469,2,tackle,111
3474,2,tackle,106
3479,2,tackle,105
3488,2,tackle,79
3497,2,tackle,131
3498,2,tackle,116
3500,2,tackle,79
3501,2,tackle,99
3504,2,tackle,91
3510,2,tackle,88
3512,2,tackle,122
3514,2,tackle,102
3520,2,tackle,80
3522,2,tackle,94
3524,2,tackle,92
3525,2,tackle,87
3526,2,tackle,118
3528,2,tackle,124
3531,2,tackle,89
3534,2,tackle,90
3536,2,tackle,80
3539,2,tackle,81
3540,2,tackle,126
3544,2,tackle,115
3545,2,tackle,100
3552,2,tackle,93
3553,2,tackle,97
3558,2,tackle,79
3574,2,tackle,117
3577,2,tackle,115
3578,2,tackle,118
3583,2,tackle,102
3585,2,tackle,119
3588,2,tackle,118
3592,2,tackle,85
3597,2,tackle,79
3602,2,tackle,97
3608,2,tackle,118
3609,2,tackle,88
3610,2,tackle,115
3618,2,tackle,126
3625,2,tackle,99
3630,2,tackle,103
3632,2,tackle,96
3633,2,tackle,90
3634,2,tackle,86
3636,2,tackle,121
3638,2,tackle,124
3639,2,tackle,100
3642,2,tackle,125
3646,2,tackle,103
3647,2,tackle,126
3652,2,tackle,89
3653,2,tackle,106
3659,2,tackle,123
3660,2,tackle,122
3661,2,tackle,79
3662,2,tackle,94
3663,2,tackle,122
3665,2,tackle,106
3668,2,tackle,105
3669,2,tackle,97
3679,2,tackle,124
3683,2,tackle,126
3685,2,tackle,95
3687,2,tackle,98
3690,2,tackle,95
3696,2,tackle,120
3698,2,tackle,80
3701,2,tackle,126
3703,2,tackle,129
3705,2,tackle,99
3717,2,tackle,79
3719,2,tackle,96
3720,2,tackle,120
3724,2,tackle,82
3729,2,tackle,88
3730,2,tackle,94
3734,2,tackle,97
3743,2,tackle,95
3747,2,tackle,91
3748,2,tackle,107
3751,2,tackle,131
3752,2,tackle,123
3753,2,tackle,133
3759,2,tackle,84
3761,2,tackle,97
3768,2,tackle,129
3769,2,tackle,84
3772,2,tackle,109
3773,2,tackle,96
3780,2,tackle,82
3781,2,tackle,119
3782,2,tackle,113
3789,2,tackle,112
3791,2,tackle,106
3793,2,tackle,123
3796,2,tackle,85
3797,2,tackle,118
3803,2,tackle,98
3804,2,tackle,107
3810,2,tackle,108
3812,2,tackle,105
3813,2,tackle,92
3819,2,tackle,89
3820,2,tackle,89
3821,2,tackle,94
3824,2,tackle,95
3826,2,tackle,107
3827,2,tackle,131
3832,2,tackle,130
3835,2,tackle,118
3839,2,tackle,115
3841,2,tackle,90
3842,2,tackle,92
3845,2,tackle,90
3849,2,tackle,81
3850,2,tackle,126
3855,2,tackle,126
3857,2,tackle,90
3859,2,tackle,116
3861,2,tackle,105
3867,2,tackle,98
3868,2,tackle,125
3869,2,tackle,105
3873,2,tackle,122
3874,2,tackle,101
3878,2,tackle,102
3883,2,tackle,111
3885,2,tackle,92
3888,2,tackle,119
3889,2,tackle,98
3891,2,tackle,131
3893,2,tackle,107
3896,2,tackle,128
3898,2,tackle,105
3900,2,tackle,124
3903,2,tackle,100
3904,2,tackle,94
3918,2,tackle,101
3928,2,tackle,94
3936,2,tackle,126
3940,2,tackle,124
3943,2,tackle,102
3945,2,tackle,120
3946,2,tackle,133
3947,2,tackle,84
3953,2,tackle,122
3954,2,tackle,89
3961,2,tackle,124
3971,2,tackle,123
3974,2,tackle,92
3975,2,tackle,83
3977,2,tackle,114
3978,2,tackle,97
3981,2,tackle,92
3983,2,tackle,109
3987,2,tackle,95
3989,2,tackle,116
3990,2,tackle,82
3991,2,tackle,112
3993,2,tackle,130
3997,2,tackle,130
3999,2,tackle,123
4000,2,tackle,86
4001,2,tackle,108
4004,2,tackle,96
4010,2,tackle,81
4013,2,tackle,116
4014,2,tackle,124
4016,2,tackle,120
4017,2,tackle,83
4019,2,tackle,90
4021,2,tackle,132
4022,2,tackle,86
5,2,tackle,93
10,2,tackle,185
21,2,tackle,160
22,2,tackle,91
24,2,tackle,162
26,2,tackle,106
27,2,tackle,93
32,2,tackle,168
34,2,tackle,118
35,2,tackle,111
43,2,tackle,174
46,2,tackle,158
47,2,tackle,186
48,2,tackle,91
52,2,tackle,87
57,2,tackle,123
71,2,tackle,116
72,2,tackle,104
79,2,tackle,190
81,2,tackle,184
82,2,tackle,109
85,2,tackle,155
87,2,tackle,90
90,2,tackle,171
92,2,tackle,194
93,2,tackle,121
94,2,tackle,150
104,2,tackle,157
105,2,tackle,120
110,2,tackle,92
111,2,tackle,150
115,2,tackle,185
116,2,tackle,149
117,2,tackle,187
118,2,tackle,115
119,2,tackle,181
125,2,tackle,164
128,2,tackle,124
133,2,tackle,158
143,2,tackle,167
144,2,tackle,138
145,2,tackle,150
147,2,tackle,194
148,2,tackle,171
149,2,tackle,177
152,2,tackle,119
153,2,tackle,192
155,2,tackle,152
157,2,tackle,129
161,2,tackle,161
162,2,tackle,160
163,2,tackle,116
168,2,tackle,166
176,2,tackle,94
177,2,tackle,142
178,2,tackle,194
179,2,tackle,176
182,2,tackle,98
184,2,tackle,117
188,2,tackle,130
195,2,tackle,132
200,2,tackle,166
204,2,tackle,131
205,2,tackle,153
207,2,tackle,172
209,2,tackle,160
214,2,tackle,180
215,2,tackle,174
216,2,tackle,103
218,2,tackle,128
224,2,tackle,165
229,2,tackle,170
234,2,tackle,110
236,2,tackle,103
243,2,tackle,103
250,2,tackle,100
253,2,tackle,111
258,2,tackle,160
259,2,tackle,191
263,2,tackle,169
264,2,tackle,139
266,2,tackle,177
267,2,tackle,188
268,2,tackle,170
269,2,tackle,162
270,2,tackle,183
272,2,tackle,186
276,2,tackle,179
282,2,tackle,102
283,2,tackle,168
286,2,tackle,181
289,2,tackle,174
291,2,tackle,178
292,2,tackle,164
294,2,tackle,110
295,2,tackle,150
296,2,tackle,115
298,2,tackle,176
301,2,tackle,162
302,2,tackle,152
306,2,tackle,180
307,2,tackle,92
313,2,tackle,112
314,2,tackle,145
316,2,tackle,186
320,2,tackle,195
324,2,tackle,177
329,2,tackle,102
331,2,tackle,116
334,2,tackle,150
336,2,tackle,155
337,2,tackle,159
338,2,tackle,178
339,2,tackle,114
340,2,tackle,162
342,2,tackle,141
344,2,tackle,158
345,2,tackle,191
346,2,tackle,185
349,2,tackle,167
354,2,tackle,188
357,2,tackle,162
363,2,tackle,138
366,2,tackle,167
368,2,tackle,103
371,2,tackle,93
372,2,tackle,107
373,2,tackle,95
378,2,tackle,180
380,2,tackle,166
384,2,tackle,104
386,2,tackle,134
387,2,tackle,169
388,2,tackle,138
389,2,tackle,190
392,2,tackle,102
393,2,tackle,189
399,2,tackle,154
401,2,tackle,189
409,2,tackle,127
411,2,tackle,191
416,2,tackle,96
419,2,tackle,187
423,2,tackle,168
431,2,tackle,154
434,2,tackle,134
439,2,tackle,105
442,2,tackle,138
444,2,tackle,154
445,2,tackle,130
449,2,tackle,99
452,2,tackle,185
454,2,tackle,152
455,2,tackle,94
458,2,tackle,132
464,2,tackle,115
465,2,tackle,120
470,2,tackle,149
472,2,tackle,146
474,2,tackle,87
478,2,tackle,179
480,2,tackle,106
481,2,tackle,98
491,2,tackle,88
492,2,tackle,96
496,2,tackle,161
497,2,tackle,127
501,2,tackle,188
502,2,tackle,126
510,2,tackle,130
512,2,tackle,128
513,2,tackle,152
515,2,tackle,113
516,2,tackle,156
520,2,tackle,139
527,2,tackle,184
531,2,tackle,186
532,2,tackle,95
533,2,tackle,133
538,2,tackle,120
539,2,tackle,130
540,2,tackle,163
543,2,tackle,100
546,2,tackle,148
551,2,tackle,106
553,2,tackle,175
554,2,tackle,190
560,2,tackle,169
562,2,tackle,100
574,2,tackle,137
576,2,tackle,87
584,2,tackle,159
587,2,tackle,137
589,2,tackle,176
592,2,tackle,183
593,2,tackle,111
597,2,tackle,141
599,2,tackle,128
602,2,tackle,151
603,2,tackle,129
608,2,tackle,152
613,2,tackle,133
627,2,tackle,138
637,2,tackle,170
642,2,tackle,181
643,2,tackle,89
644,2,tackle,155
646,2,tackle,190
647,2,tackle,144
658,2,tackle,108
671,2,tackle,105
673,2,tackle,134
675,2,tackle,120
676,2,tackle,158
677,2,tackle,173
680,2,tackle,98
683,2,tackle,194
685,2,tackle,87
686,2,tackle,115
687,2,tackle,90
690,2,tackle,93
694,2,tackle,181
696,2,tackle,130
698,2,tackle,178
699,2,tackle,181
700,2,tackle,119
704,2,tackle,123
705,2,tackle,169
710,2,tackle,95
714,2,tackle,152
719,2,tackle,193
724,2,tackle,89
725,2,tackle,143
726,2,tackle,170
732,2,tackle,162
737,2,tackle,120
739,2,tackle,145
741,2,tackle,193
742,2,tackle,148
744,2,tackle,180
748,2,tackle,113
760,2,tackle,171
762,2,tackle,92
771,2,tackle,155
772,2,tackle,104
776,2,tackle,182
780,2,tackle,167
781,2,tackle,119
785,2,tackle,122
788,2,tackle,126
789,2,tackle,113
790,2,tackle,185
793,2,tackle,104
794,2,tackle,171
795,2,tackle,153
799,2,tackle,187
803,2,tackle,162
804,2,tackle,168
807,2,tackle,116
809,2,tackle,111
812,2,tackle,95
814,2,tackle,155
815,2,tackle,171
816,2,tackle,138
817,2,tackle,91
818,2,tackle,94
819,2,tackle,183
825,2,tackle,182
826,2,tackle,128
827,2,tackle,188
832,2,tackle,127
835,2,tackle,175
837,2,tackle,157
838,2,tackle,193
843,2,tackle,190
845,2,tackle,190
846,2,tackle,105
849,2,tackle,110
854,2,tackle,111
856,2,tackle,185
857,2,tackle,130
859,2,tackle,138
860,2,tackle,163
865,2,tackle,168
867,2,tackle,132
870,2,tackle,137
879,2,tackle,163
883,2,tackle,99
884,2,tackle,196
887,2,tackle,173
890,2,tackle,99
895,2,tackle,133
896,2,tackle,161
900,2,tackle,121
901,2,tackle,190
903,2,tackle,166
908,2,tackle,179
909,2,tackle,179
910,2,tackle,194
913,2,tackle,141
916,2,tackle,91
917,2,tackle,97
923,2,tackle,134
929,2,tackle,177
943,2,tackle,155
945,2,tackle,140
951,2,tackle,159
955,2,tackle,97
956,2,tackle,103
959,2,tackle,102
960,2,tackle,134
961,2,tackle,196
964,2,tackle,185
965,2,tackle,167
968,2,tackle,101
969,2,tackle,87
970,2,tackle,169
973,2,tackle,172
977,2,tackle,138
984,2,tackle,152
985,2,tackle,112
990,2,tackle,122
992,2,tackle,90
993,2,tackle,177
994,2,tackle,170
996,2,tackle,132
998,2,tackle,156
999,2,tackle,192
1001,2,tackle,191
1005,2,tackle,169
1006,2,tackle,190
1011,2,tackle,107
1015,2,tackle,141
1019,2,tackle,192
1022,2,tackle,136
1023,2,tackle,107
1024,2,tackle,98
1026,2,tackle,108
1028,2,tackle,154
1029,2,tackle,181
1031,2,tackle,89
1032,2,tackle,167
1033,2,tackle,151
1039,2,tackle,91
1040,2,tackle,161
1043,2,tackle,197
1044,2,tackle,180
1052,2,tackle,119
1053,2,tackle,125
1056,2,tackle,103
1057,2,tackle,121
1059,2,tackle,158
1060,2,tackle,89
1064,2,tackle,187
1067,2,tackle,114
1068,2,tackle,93
1070,2,tackle,154
1071,2,tackle,134
1075,2,tackle,152
1076,2,tackle,138
1087,2,tackle,124
1089,2,tackle,168
1091,2,tackle,172
1096,2,tackle,153
1097,2,tackle,86
1098,2,tackle,98
1099,2,tackle,191
1103,2,tackle,89
1104,2,tackle,191
1107,2,tackle,140
1111,2,tackle,155
1117,2,tackle,87
1120,2,tackle,92
1122,2,tackle,161
1127,2,tackle,107
1128,2,tackle,87
1132,2,tackle,196
1135,2,tackle,161
1136,2,tackle,97
1141,2,tackle,147
1143,2,tackle,162
1145,2,tackle,102
1148,2,tackle,191
1149,2,tackle,170
1151,2,tackle,171
1155,2,tackle,194
1157,2,tackle,149
1164,2,tackle,157
1166,2,tackle,119
1168,2,tackle,110
1169,2,tackle,176
1172,2,tackle,148
1174,2,tackle,145
1178,2,tackle,88
1183,2,tackle,174
1186,2,tackle,152
1187,2,tackle,174
1190,2,tackle,154
1193,2,tackle,173
1194,2,tackle,195
1195,2,tackle,118
1196,2,tackle,90
1197,2,tackle,162
1202,2,tackle,149
1204,2,tackle,151
1206,2,tackle,103
1207,2,tackle,147
1210,2,tackle,148
1221,2,tackle,169
1230,2,tackle,98
1231,2,tackle,122
1238,2,tackle,128
1243,2,tackle,150
1247,2,tackle,110
1249,2,tackle,134
1250,2,tackle,116
1251,2,tackle,93
1256,2,tackle,90
1259,2,tackle,102
1260,2,tackle,165
1261,2,tackle,178
1266,2,tackle,152
1270,2,tackle,144
1273,2,tackle,87
1274,2,tackle,170
1281,2,tackle,179
1285,2,tackle,112
1287,2,tackle,103
1291,2,tackle,174
1295,2,tackle,125
1298,2,tackle,134
1300,2,tackle,111
1301,2,tackle,89
1302,2,tackle,158
1304,2,tackle,169
1306,2,tackle,187
1308,2,tackle,165
1311,2,tackle,133
1313,2,tackle,109
1315,2,tackle,180
1317,2,tackle,86
1323,2,tackle,91
1325,2,tackle,102
1327,2,tackle,124
1333,2,tackle,89
1334,2,tackle,164
1339,2,tackle,108
1341,2,tackle,94
1342,2,tackle,115
1345,2,tackle,156
1348,2,tackle,172
1349,2,tackle,138
1350,2,tackle,180
1351,2,tackle,176
1353,2,tackle,96
1354,2,tackle,109
1361,2,tackle,175
1363,2,tackle,127
1365,2,tackle,125
1370,2,tackle,148
1374,2,tackle,138
1381,2,tackle,135
1383,2,tackle,169
1389,2,tackle,133
1397,2,tackle,178
1400,2,tackle,176
1406,2,tackle,180
1415,2,tackle,141
1416,2,tackle,191
1426,2,tackle,130
1431,2,tackle,94
1432,2,tackle,182
1433,2,tackle,123
1434,2,tackle,130
1437,2,tackle,157
1442,2,tackle,169
1445,2,tackle,93
1452,2,tackle,113
1455,2,tackle,121
1457,2,tackle,102
1461,2,tackle,129
1470,2,tackle,156
1471,2,tackle,194
1472,2,tackle,169
1473,2,tackle,187
1474,2,tackle,186
1475,2,tackle,154
1477,2,tackle,97
1481,2,tackle,134
1482,2,tackle,94
1486,2,tackle,89
1492,2,tackle,178
1493,2,tackle,118
1495,2,tackle,127
1496,2,tackle,143
1497,2,tackle,115
1502,2,tackle,101
1504,2,tackle,162
1506,2,tackle,117
1522,2,tackle,154
1523,2,tackle,137
1524,2,tackle,191
1525,2,tackle,152
1527,2,tackle,153
1528,2,tackle,194
1529,2,tackle,133
1531,2,tackle,148
1533,2,tackle,117
1534,2,tackle,146
1535,2,tackle,114
1538,2,tackle,124
1542,2,tackle,94
1545,2,tackle,174
1547,2,tackle,191
1553,2,tackle,97
1556,2,tackle,149
1558,2,tackle,187
1561,2,tackle,168
1562,2,tackle,112
1565,2,tackle,139
1569,2,tackle,193
1570,2,tackle,112
1572,2,tackle,154
1577,2,tackle,150
1578,2,tackle,145
1579,2,tackle,103
1582,2,tackle,105
1583,2,tackle,195
1587,2,tackle,131
1588,2,tackle,144
1600,2,tackle,165
1606,2,tackle,96
1609,2,tackle,182
1612,2,tackle,127
1614,2,tackle,196
1617,2,tackle,144
1618,2,tackle,114
1619,2,tackle,139
1620,2,tackle,156
1624,2,tackle,115
1630,2,tackle,166
1631,2,tackle,134
1632,2,tackle,155
1634,2,tackle,135
1646,2,tackle,118
1649,2,tackle,182
1654,2,tackle,167
1655,2,tackle,86
1660,2,tackle,187
1661,2,tackle,104
1663,2,tackle,112
1671,2,tackle,93
1673,2,tackle,90
1685,2,tackle,95
1686,2,tackle,139
1689,2,tackle,109
1691,2,tackle,166
1695,2,tackle,195
1696,2,tackle,94
1699,2,tackle,97
1700,2,tackle,131
1702,2,tackle,89
1703,2,tackle,101
1710,2,tackle,139
1713,2,tackle,115
1714,2,tackle,154
1720,2,tackle,88
1725,2,tackle,158
1731,2,tackle,195
1732,2,tackle,191
1736,2,tackle,194
1740,2,tackle,141
1741,2,tackle,140
1744,2,tackle,123
1749,2,tackle,108
1751,2,tackle,167
1754,2,tackle,163
1757,2,tackle,112
1760,2,tackle,100
1762,2,tackle,123
1765,2,tackle,101
1766,2,tackle,162
1772,2,tackle,101
1774,2,tackle,123
1775,2,tackle,154
1776,2,tackle,171
1781,2,tackle,152
1784,2,tackle,131
1785,2,tackle,148
1786,2,tackle,172
1791,2,tackle,179
1793,2,tackle,174
1796,2,tackle,150
1797,2,tackle,185
1801,2,tackle,103
1804,2,tackle,86
1805,2,tackle,181
1807,2,tackle,110
1812,2,tackle,134
1813,2,tackle,177
1817,2,tackle,167
1826,2,tackle,105
1828,2,tackle,94
1833,2,tackle,170
1835,2,tackle,119
1837,2,tackle,113
1838,2,tackle,192
1842,2,tackle,141
1845,2,tackle,88
1846,2,tackle,179
1848,2,tackle,87
1851,2,tackle,165
1860,2,tackle,129
1861,2,tackle,147
1862,2,tackle,185
1865,2,tackle,93
1866,2,tackle,173
1871,2,tackle,113
1876,2,tackle,100
1878,2,tackle,162
1879,2,tackle,111
1882,2,tackle,174
1884,2,tackle,188
1885,2,tackle,164
1898,2,tackle,153
1905,2,tackle,174
1913,2,tackle,184
1917,2,tackle,146
1922,2,tackle,131
1923,2,tackle,169
1927,2,tackle,168
1928,2,tackle,92
1930,2,tackle,134
1932,2,tackle,169
1934,2,tackle,179
1935,2,tackle,109
1936,2,tackle,90
1939,2,tackle,192
1940,2,tackle,183
1942,2,tackle,122
1946,2,tackle,113
1948,2,tackle,152
1951,2,tackle,196
1956,2,tackle,161
1958,2,tackle,178
1962,2,tackle,144
1966,2,tackle,118
1967,2,tackle,144
1969,2,tackle,126
1970,2,tackle,183
1978,2,tackle,112
1979,2,tackle,104
1986,2,tackle,154
1987,2,tackle,153
1988,2,tackle,98
1990,2,tackle,114
1991,2,tackle,161
1995,2,tackle,126
1997,2,tackle,169
2002,2,tackle,179
2005,2,tackle,194
2007,2,tackle,121
2020,2,tackle,133
2021,2,tackle,196
2030,2,tackle,191
2034,2,tackle,119
2035,2,tackle,185
2038,2,tackle,113
2040,2,tackle,123
2041,2,tackle,97
2042,2,tackle,99
2044,2,tackle,141
2045,2,tackle,91
2050,2,tackle,184
2056,2,tackle,92
2058,2,tackle,131
2061,2,tackle,170
2064,2,tackle,194
2065,2,tackle,95
2067,2,tackle,184
2070,2,tackle,116
2072,2,tackle,103
2074,2,tackle,157
2088,2,tackle,153
2089,2,tackle,195
2093,2,tackle,170
2098,2,tackle,177
2107,2,tackle,194
2109,2,tackle,184
2110,2,tackle,98
2117,2,tackle,104
2119,2,tackle,189
2126,2,tackle,108
2128,2,tackle,162
2129,2,tackle,109
2133,2,tackle,106
2137,2,tackle,181
2139,2,tackle,99
2140,2,tackle,151
2143,2,tackle,162
2147,2,tackle,177
2152,2,tackle,140
2161,2,tackle,124
2163,2,tackle,94
2166,2,tackle,138
2172,2,tackle,96
2174,2,tackle,131
2180,2,tackle,105
2185,2,tackle,129
2186,2,tackle,133
2187,2,tackle,99
2188,2,tackle,174
2190,2,tackle,156
2196,2,tackle,158
2197,2,tackle,98
2198,2,tackle,117
2201,2,tackle,152
2202,2,tackle,132
2210,2,tackle,118
2211,2,tackle,86
2214,2,tackle,90
2215,2,tackle,131
2216,2,tackle,158
2219,2,tackle,94
2223,2,tackle,90
2225,2,tackle,153
2227,2,tackle,155
2232,2,tackle,187
2234,2,tackle,107
2235,2,tackle,128
2239,2,tackle,179
2240,2,tackle,141
2243,2,tackle,143
2244,2,tackle,120
2248,2,tackle,117
2249,2,tackle,131
2252,2,tackle,114
2254,2,tackle,135
2259,2,tackle,113
2261,2,tackle,101
2267,2,tackle,104
2269,2,tackle,115
2272,2,tackle,170
2273,2,tackle,164
2276,2,tackle,107
2279,2,tackle,146
2283,2,tackle,122
2287,2,tackle,126
2288,2,tackle,192
2289,2,tackle,135
2290,2,tackle,150
2292,2,tackle,111
2295,2,tackle,145
2297,2,tackle,193
2299,2,tackle,112
2303,2,tackle,146
2304,2,tackle,94
2305,2,tackle,175
2306,2,tackle,145
2308,2,tackle,149
2309,2,tackle,117
2310,2,tackle,95
2311,2,tackle,139
2319,2,tackle,158
2321,2,tackle,118
2322,2,tackle,174
2329,2,tackle,110
2331,2,tackle,186
2332,2,tackle,162
2333,2,tackle,193
2335,2,tackle,157
2338,2,tackle,192
2339,2,tackle,159
2347,2,tackle,140
2352,2,tackle,153
2354,2,tackle,170
2356,2,tackle,109
2359,2,tackle,134
2361,2,tackle,183
2362,2,tackle,183
2368,2,tackle,191
2371,2,tackle,123
2373,2,tackle,173
2374,2,tackle,102
2375,2,tackle,106
2379,2,tackle,192
2384,2,tackle,166
2385,2,tackle,88
2392,2,tackle,130
2396,2,tackle,183
2400,2,tackle,174
2405,2,tackle,96
2406,2,tackle,159
2408,2,tackle,115
2412,2,tackle,134
2417,2,tackle,150
2418,2,tackle,179
2420,2,tackle,132
2421,2,tackle,92
2431,2,tackle,122
2435,2,tackle,140
2439,2,tackle,120
2444,2,tackle,197
2451,2,tackle,164
2459,2,tackle,183
2460,2,tackle,191
2461,2,tackle,193
2465,2,tackle,181
2470,2,tackle,111
2475,2,tackle,120
2478,2,tackle,149
2479,2,tackle,99
2492,2,tackle,197
2493,2,tackle,149
2496,2,tackle,195
2499,2,tackle,112
2500,2,tackle,138
2501,2,tackle,183
2504,2,tackle,146
2509,2,tackle,143
2511,2,tackle,93
2513,2,tackle,158
2514,2,tackle,134
2517,2,tackle,86
2519,2,tackle,138
2521,2,tackle,189
2527,2,tackle,98
2529,2,tackle,190
2542,2,tackle,87
2545,2,tackle,177
2546,2,tackle,177
2550,2,tackle,93
2552,2,tackle,102
2555,2,tackle,92
2557,2,tackle,137
2559,2,tackle,160
2561,2,tackle,115
2565,2,tackle,160
2570,2,tackle,90
2572,2,tackle,166
2573,2,tackle,144
2574,2,tackle,177
2575,2,tackle,124
2582,2,tackle,155
2585,2,tackle,106
2587,2,tackle,91
2589,2,tackle,106
2590,2,tackle,126
2602,2,tackle,143
2603,2,tackle,123
2605,2,tackle,149
2606,2,tackle,184
2611,2,tackle,159
2617,2,tackle,194
2619,2,tackle,102
2620,2,tackle,128
2621,2,tackle,106
2626,2,tackle,101
2630,2,tackle,130
2631,2,tackle,118
2634,2,tackle,175
2635,2,tackle,146
2637,2,tackle,121
2638,2,tackle,138
2641,2,tackle,193
2642,2,tackle,149
2645,2,tackle,91
2646,2,tackle,141
2648,2,tackle,160
2654,2,tackle,106
2655,2,tackle,173
2658,2,tackle,184
2659,2,tackle,188
2666,2,tackle,142
2667,2,tackle,164
2675,2,tackle,97
2676,2,tackle,193
2677,2,tackle,166
2678,2,tackle,115
2679,2,tackle,180
2683,2,tackle,110
2689,2,tackle,161
2691,2,tackle,150
2702,2,tackle,153
2708,2,tackle,155
2709,2,tackle,88
2711,2,tackle,175
2716,2,tackle,172
2717,2,tackle,178
2718,2,tackle,191
2724,2,tackle,122
2728,2,tackle,161
2731,2,tackle,154
2733,2,tackle,165
2735,2,tackle,87
2739,2,tackle,187
2741,2,tackle,149
2742,2,tackle,179
2744,2,tackle,171
2750,2,tackle,149
2758,2,tackle,125
2763,2,tackle,151
2766,2,tackle,193
2767,2,tackle,189
2768,2,tackle,100
2776,2,tackle,185
2777,2,tackle,130
2778,2,tackle,148
2783,2,tackle,158
2784,2,tackle,93
2786,2,tackle,100
2789,2,tackle,92
2794,2,tackle,148
2795,2,tackle,129
2798,2,tackle,155
2799,2,tackle,105
2804,2,tackle,186
2805,2,tackle,114
2806,2,tackle,171
2812,2,tackle,124
2817,2,tackle,148
2818,2,tackle,91
2822,2,tackle,159
2828,2,tackle,154
2830,2,tackle,145
2833,2,tackle,166
2834,2,tackle,149
2836,2,tackle,173
2838,2,tackle,134
2840,2,tackle,176
2843,2,tackle,153
2846,2,tackle,109
2848,2,tackle,191
2856,2,tackle,153
2858,2,tackle,92
2862,2,tackle,121
2864,2,tackle,117
2868,2,tackle,188
2870,2,tackle,175
2871,2,tackle,118
2873,2,tackle,141
2874,2,tackle,181
2882,2,tackle,130
2885,2,tackle,164
2891,2,tackle,105
2897,2,tackle,160
2902,2,tackle,190
2905,2,tackle,168
2909,2,tackle,146
2910,2,tackle,89
2911,2,tackle,96
2919,2,tackle,162
2923,2,tackle,172
2924,2,tackle,128
2928,2,tackle,178
2930,2,tackle,148
2932,2,tackle,195
2933,2,tackle,121
2934,2,tackle,151
2935,2,tackle,123
2940,2,tackle,116
2942,2,tackle,189
2943,2,tackle,136
2945,2,tackle,166
2947,2,tackle,144
2948,2,tackle,194
2952,2,tackle,189
2956,2,tackle,86
2958,2,tackle,194
2963,2,tackle,116
2970,2,tackle,146
2975,2,tackle,130
2977,2,tackle,167
2978,2,tackle,145
2981,2,tackle,122
2985,2,tackle,130
2988,2,tackle,100
2991,2,tackle,114
2992,2,tackle,91
2995,2,tackle,184
2996,2,tackle,121
2998,2,tackle,114
3000,2,tackle,148
3001,2,tackle,190
3004,2,tackle,103
3006,2,tackle,188
3011,2,tackle,153
3013,2,tackle,139
3014,2,tackle,184
3015,2,tackle,159
3017,2,tackle,98
3019,2,tackle,105
3024,2,tackle,141
3026,2,tackle,191
3028,2,tackle,135
3030,2,tackle,156
3031,2,tackle,170
3035,2,tackle,186
3036,2,tackle,109
3041,2,tackle,89
3045,2,tackle,130
3054,2,tackle,151
3056,2,tackle,136
3057,2,tackle,166
3062,2,tackle,103
3064,2,tackle,89
3065,2,tackle,147
3066,2,tackle,182
3067,2,tackle,135
3072,2,tackle,96
3077,2,tackle,157
3079,2,tackle,106
3082,2,tackle,193
3084,2,tackle,127
3086,2,tackle,129
3088,2,tackle,103
3090,2,tackle,188
3092,2,tackle,138
3096,2,tackle,137
3098,2,tackle,123
3104,2,tackle,153
3110,2,tackle,188
3113,2,tackle,86
3115,2,tackle,145
3117,2,tackle,108
3119,2,tackle,195
3120,2,tackle,168
3121,2,tackle,175
3122,2,tackle,147
3125,2,tackle,108
3131,2,tackle,126
3132,2,tackle,133
3138,2,tackle,89
3141,2,tackle,115
3144,2,tackle,96
3145,2,tackle,121
3156,2,tackle,152
3159,2,tackle,160
3165,2,tackle,87
3171,2,tackle,123
3173,2,tackle,180
3178,2,tackle,120
3182,2,tackle,177
3183,2,tackle,136
3186,2,tackle,93
3187,2,tackle,159
3192,2,tackle,106
3195,2,tackle,95
3196,2,tackle,153
3197,2,tackle,103
3200,2,tackle,99
3202,2,tackle,104
3204,2,tackle,155
3205,2,tackle,103
3208,2,tackle,183
3211,2,tackle,190
3223,2,tackle,168
3227,2,tackle,93
3229,2,tackle,95
3231,2,tackle,90
3235,2,tackle,130
3240,2,tackle,137
3242,2,tackle,189
3243,2,tackle,193
3244,2,tackle,161
3249,2,tackle,115
3250,2,tackle,164
3251,2,tackle,160
3252,2,tackle,107
3253,2,tackle,191
3254,2,tackle,114
3261,2,tackle,132
3262,2,tackle,191
3264,2,tackle,118
3267,2,tackle,170
3273,2,tackle,134
3277,2,tackle,148
3280,2,tackle,86
3287,2,tackle,185
3294,2,tackle,116
3296,2,tackle,188
3300,2,tackle,156
3305,2,tackle,149
3310,2,tackle,87
3312,2,tackle,186
3313,2,tackle,154
3317,2,tackle,143
3319,2,tackle,107
3320,2,tackle,159
3322,2,tackle,124
3323,2,tackle,173
3324,2,tackle,170
3330,2,tackle,125
3331,2,tackle,115
3332,2,tackle,127
3333,2,tackle,97
3343,2,tackle,133
3348,2,tackle,110
3352,2,tackle,130
3354,2,tackle,175
3357,2,tackle,149
3359,2,tackle,125
3364,2,tackle,111
3365,2,tackle,132
3372,2,tackle,97
3378,2,tackle,193
3383,2,tackle,153
3387,2,tackle,172
3388,2,tackle,181
3401,2,tackle,158
3405,2,tackle,150
3407,2,tackle,156
3412,2,tackle,91
3413,2,tackle,139
3415,2,tackle,122
3416,2,tackle,111
3424,2,tackle,131
3427,2,tackle,121
3430,2,tackle,169
3433,2,tackle,125
3434,2,tackle,92
3436,2,tackle,110
3438,2,tackle,187
3439,2,tackle,170
3442,2,tackle,97
3446,2,tackle,88
3449,2,tackle,145
3451,2,tackle,159
3453,2,tackle,168
3455,2,tackle,113
3456,2,tackle,196
3458,2,tackle,112
3472,2,tackle,113
3482,2,tackle,143
3489,2,tackle,110
3490,2,tackle,197
3493,2,tackle,104
3494,2,tackle,130
3496,2,tackle,97
3497,2,tackle,195
3502,2,tackle,173
3505,2,tackle,180
3511,2,tackle,160
3513,2,tackle,96
3515,2,tackle,166
3519,2,tackle,119
3524,2,tackle,190
3529,2,tackle,116
3530,2,tackle,112
3532,2,tackle,131
3537,2,tackle,155
3549,2,tackle,100
3554,2,tackle,108
3555,2,tackle,117
3556,2,tackle,88
3558,2,tackle,119
3560,2,tackle,173
3562,2,tackle,165
3563,2,tackle,88
3564,2,tackle,168
3565,2,tackle,119
EventNum, EventIDType, EventName, EventData
2,2,tackle,86
4,2,tackle,81
8,2,tackle,106
9,2,tackle,112
14,2,tackle,111
21,2,tackle,111
23,2,tackle,112
27,2,tackle,70
29,2,tackle,109
31,2,tackle,79
34,2,tackle,77
38,2,tackle,78
44,2,tackle,77
47,2,tackle,102
49,2,tackle,81
55,2,tackle,105
56,2,tackle,83
60,2,tackle,78
62,2,tackle,71
63,2,tackle,84
64,2,tackle,109
66,2,tackle,75
70,2,tackle,93
75,2,tackle,106
90,2,tackle,88
96,2,tackle,66
98,2,tackle,98
104,2,tackle,87
106,2,tackle,76
115,2,tackle,88
118,2,tackle,110
125,2,tackle,90
126,2,tackle,91
132,2,tackle,66
133,2,tackle,108
134,2,tackle,92
137,2,tackle,86
142,2,tackle,114
145,2,tackle,72
146,2,tackle,94
147,2,tackle,94
154,2,tackle,108
157,2,tackle,101
158,2,tackle,81
163,2,tackle,80
166,2,tackle,96
170,2,tackle,102
173,2,tackle,72
177,2,tackle,79
178,2,tackle,112
181,2,tackle,80
182,2,tackle,92
184,2,tackle,110
191,2,tackle,116
197,2,tackle,66
198,2,tackle,112
201,2,tackle,73
204,2,tackle,74
206,2,tackle,110
210,2,tackle,108
218,2,tackle,80
219,2,tackle,78
221,2,tackle,80
222,2,tackle,111
223,2,tackle,73
228,2,tackle,104
232,2,tackle,84
233,2,tackle,116
236,2,tackle,102
239,2,tackle,101
240,2,tackle,113
241,2,tackle,102
243,2,tackle,94
244,2,tackle,105
245,2,tackle,111
247,2,tackle,101
248,2,tackle,81
252,2,tackle,78
261,2,tackle,91
263,2,tackle,69
267,2,tackle,112
268,2,tackle,105
270,2,tackle,105
283,2,tackle,100
288,2,tackle,86
290,2,tackle,94
291,2,tackle,109
293,2,tackle,94
295,2,tackle,104
299,2,tackle,115
302,2,tackle,69
306,2,tackle,104
312,2,tackle,86
315,2,tackle,76
317,2,tackle,102
318,2,tackle,94
326,2,tackle,94
328,2,tackle,113
329,2,tackle,88
338,2,tackle,72
339,2,tackle,83
342,2,tackle,105
343,2,tackle,93
349,2,tackle,90
350,2,tackle,84
352,2,tackle,103
358,2,tackle,75
361,2,tackle,108
362,2,tackle,76
364,2,tackle,111
366,2,tackle,108
368,2,tackle,107
376,2,tackle,89
377,2,tackle,105
380,2,tackle,92
382,2,tackle,74
384,2,tackle,97
388,2,tackle,93
390,2,tackle,112
391,2,tackle,91
392,2,tackle,96
393,2,tackle,116
395,2,tackle,106
397,2,tackle,78
398,2,tackle,111
400,2,tackle,76
407,2,tackle,93
409,2,tackle,66
410,2,tackle,92
413,2,tackle,82
417,2,tackle,105
418,2,tackle,77
433,2,tackle,82
438,2,tackle,115
441,2,tackle,76
449,2,tackle,102
450,2,tackle,69
454,2,tackle,88
458,2,tackle,99
466,2,tackle,98
467,2,tackle,101
469,2,tackle,104
470,2,tackle,90
474,2,tackle,103
478,2,tackle,112
483,2,tackle,85
484,2,tackle,112
486,2,tackle,114
489,2,tackle,73
491,2,tackle,74
495,2,tackle,94
498,2,tackle,69
503,2,tackle,92
507,2,tackle,112
513,2,tackle,80
517,2,tackle,101
519,2,tackle,115
526,2,tackle,81
531,2,tackle,99
537,2,tackle,83
538,2,tackle,87
542,2,tackle,98
544,2,tackle,107
549,2,tackle,86
554,2,tackle,92
557,2,tackle,100
558,2,tackle,80
562,2,tackle,99
563,2,tackle,71
564,2,tackle,102
575,2,tackle,77
578,2,tackle,99
581,2,tackle,116
582,2,tackle,94
591,2,tackle,79
597,2,tackle,86
600,2,tackle,113
603,2,tackle,115
607,2,tackle,116
608,2,tackle,110
615,2,tackle,92
617,2,tackle,85
620,2,tackle,116
623,2,tackle,77
627,2,tackle,103
630,2,tackle,67
636,2,tackle,87
637,2,tackle,73
640,2,tackle,76
643,2,tackle,109
645,2,tackle,111
647,2,tackle,109
651,2,tackle,98
653,2,tackle,115
654,2,tackle,112
655,2,tackle,83
656,2,tackle,75
659,2,tackle,113
662,2,tackle,66
667,2,tackle,100
668,2,tackle,90
669,2,tackle,105
674,2,tackle,76
675,2,tackle,87
676,2,tackle,82
681,2,tackle,89
682,2,tackle,92
683,2,tackle,85
687,2,tackle,97
690,2,tackle,72
694,2,tackle,85
695,2,tackle,105
698,2,tackle,67
699,2,tackle,107
700,2,tackle,113
701,2,tackle,97
705,2,tackle,95
706,2,tackle,109
708,2,tackle,66
710,2,tackle,84
715,2,tackle,97
717,2,tackle,99
718,2,tackle,105
724,2,tackle,109
725,2,tackle,84
726,2,tackle,91
735,2,tackle,106
737,2,tackle,78
738,2,tackle,115
739,2,tackle,89
740,2,tackle,89
746,2,tackle,72
751,2,tackle,108
752,2,tackle,90
758,2,tackle,107
759,2,tackle,94
762,2,tackle,93
764,2,tackle,89
765,2,tackle,74
768,2,tackle,90
770,2,tackle,116
774,2,tackle,86
775,2,tackle,97
784,2,tackle,110
785,2,tackle,90
787,2,tackle,99
788,2,tackle,114
789,2,tackle,94
791,2,tackle,68
799,2,tackle,80
803,2,tackle,76
806,2,tackle,87
808,2,tackle,68
811,2,tackle,100
813,2,tackle,83
823,2,tackle,107
826,2,tackle,79
827,2,tackle,77
837,2,tackle,88
844,2,tackle,92
845,2,tackle,86
852,2,tackle,87
854,2,tackle,95
856,2,tackle,88
858,2,tackle,91
859,2,tackle,92
864,2,tackle,67
866,2,tackle,69
870,2,tackle,66
871,2,tackle,69
872,2,tackle,114
877,2,tackle,87
878,2,tackle,98
880,2,tackle,102
882,2,tackle,115
883,2,tackle,93
884,2,tackle,101
888,2,tackle,103
891,2,tackle,82
896,2,tackle,110
899,2,tackle,79
901,2,tackle,83
903,2,tackle,107
904,2,tackle,98
905,2,tackle,70
907,2,tackle,89
908,2,tackle,80
909,2,tackle,74
910,2,tackle,110
912,2,tackle,71
913,2,tackle,108
915,2,tackle,111
940,2,tackle,91
946,2,tackle,98
950,2,tackle,101
952,2,tackle,93
954,2,tackle,99
961,2,tackle,81
962,2,tackle,67
963,2,tackle,98
966,2,tackle,107
967,2,tackle,80
972,2,tackle,84
973,2,tackle,79
974,2,tackle,101
975,2,tackle,79
978,2,tackle,113
980,2,tackle,78
981,2,tackle,69
987,2,tackle,92
989,2,tackle,94
991,2,tackle,67
999,2,tackle,116
1003,2,tackle,79
1009,2,tackle,93
1014,2,tackle,90
1017,2,tackle,83
1018,2,tackle,86
1019,2,tackle,92
1021,2,tackle,99
1023,2,tackle,77
1024,2,tackle,101
1025,2,tackle,77
1026,2,tackle,85
1030,2,tackle,77
1031,2,tackle,104
1033,2,tackle,95
1036,2,tackle,79
1039,2,tackle,86
1043,2,tackle,67
1046,2,tackle,81
1050,2,tackle,80
1053,2,tackle,106
1054,2,tackle,96
1057,2,tackle,85
1060,2,tackle,105
1061,2,tackle,101
1063,2,tackle,68
1065,2,tackle,105
1068,2,tackle,112
1069,2,tackle,71
1077,2,tackle,95
1078,2,tackle,75
1079,2,tackle,116
1084,2,tackle,86
1087,2,tackle,109
1090,2,tackle,111
1100,2,tackle,106
1108,2,tackle,73
1111,2,tackle,66
1112,2,tackle,72
1116,2,tackle,116
1117,2,tackle,79
1118,2,tackle,106
1120,2,tackle,93
1121,2,tackle,66
1122,2,tackle,84
1124,2,tackle,109
1125,2,tackle,76
1132,2,tackle,81
1141,2,tackle,101
1144,2,tackle,103
1147,2,tackle,110
1148,2,tackle,85
1149,2,tackle,113
1152,2,tackle,78
1155,2,tackle,88
1160,2,tackle,98
1161,2,tackle,86
1167,2,tackle,111
1172,2,tackle,98
1173,2,tackle,112
1174,2,tackle,110
1175,2,tackle,91
1177,2,tackle,98
1181,2,tackle,91
1183,2,tackle,66
1184,2,tackle,90
1185,2,tackle,115
1186,2,tackle,93
1190,2,tackle,66
1195,2,tackle,102
1197,2,tackle,108
1198,2,tackle,74
1200,2,tackle,76
1203,2,tackle,71
1204,2,tackle,78
1207,2,tackle,109
1211,2,tackle,86
1212,2,tackle,98
1213,2,tackle,85
1214,2,tackle,81
1219,2,tackle,94
1221,2,tackle,83
1224,2,tackle,112
1226,2,tackle,114
1227,2,tackle,116
1235,2,tackle,92
1241,2,tackle,114
1243,2,tackle,102
1252,2,tackle,111
1253,2,tackle,86
1256,2,tackle,107
1262,2,tackle,97
1263,2,tackle,108
1269,2,tackle,111
1270,2,tackle,91
1272,2,tackle,79
1273,2,tackle,84
1275,2,tackle,111
1277,2,tackle,108
1280,2,tackle,77
1288,2,tackle,77
1296,2,tackle,85
1298,2,tackle,85
1299,2,tackle,109
1304,2,tackle,98
1306,2,tackle,75
1312,2,tackle,78
1313,2,tackle,101
1314,2,tackle,107
1320,2,tackle,80
1322,2,tackle,107
1323,2,tackle,77
1324,2,tackle,92
1328,2,tackle,104
1330,2,tackle,90
1332,2,tackle,67
1333,2,tackle,93
1342,2,tackle,96
1345,2,tackle,77
1347,2,tackle,87
1349,2,tackle,110
1359,2,tackle,66
1362,2,tackle,81
1364,2,tackle,101
1379,2,tackle,80
1381,2,tackle,111
1387,2,tackle,71
1390,2,tackle,85
1395,2,tackle,88
1400,2,tackle,80
1402,2,tackle,95
1408,2,tackle,111
1415,2,tackle,97
1417,2,tackle,88
1418,2,tackle,94
1421,2,tackle,78
1424,2,tackle,106
1427,2,tackle,97
1431,2,tackle,84
1437,2,tackle,102
1439,2,tackle,77
1442,2,tackle,88
1445,2,tackle,78
1446,2,tackle,109
1448,2,tackle,90
1449,2,tackle,83
1452,2,tackle,79
1456,2,tackle,107
1457,2,tackle,80
1459,2,tackle,106
1461,2,tackle,76
1462,2,tackle,89
1464,2,tackle,67
1467,2,tackle,79
1470,2,tackle,101
1472,2,tackle,109
1474,2,tackle,96
1476,2,tackle,73
1477,2,tackle,112
1480,2,tackle,84
1483,2,tackle,107
1485,2,tackle,71
1487,2,tackle,89
1488,2,tackle,71
1489,2,tackle,77
1502,2,tackle,97
1505,2,tackle,112
1506,2,tackle,72
1507,2,tackle,107
1510,2,tackle,83
1516,2,tackle,103
1517,2,tackle,67
1524,2,tackle,66
1525,2,tackle,79
1528,2,tackle,109
1536,2,tackle,80
1538,2,tackle,91
1541,2,tackle,73
1542,2,tackle,87
1543,2,tackle,109
1547,2,tackle,95
1552,2,tackle,71
1553,2,tackle,73
1555,2,tackle,77
1559,2,tackle,87
1560,2,tackle,95
1561,2,tackle,114
1562,2,tackle,107
1565,2,tackle,114
1567,2,tackle,68
1574,2,tackle,105
1579,2,tackle,78
1580,2,tackle,88
1581,2,tackle,108
1582,2,tackle,101
1586,2,tackle,115
1594,2,tackle,95
1595,2,tackle,70
1607,2,tackle,88
1619,2,tackle,72
1623,2,tackle,71
1624,2,tackle,68
1628,2,tackle,76
1629,2,tackle,105
1636,2,tackle,90
1642,2,tackle,73
1647,2,tackle,73
1648,2,tackle,93
1651,2,tackle,96
1652,2,tackle,88
1653,2,tackle,107
1654,2,tackle,114
1655,2,tackle,113
1656,2,tackle,90
1657,2,tackle,93
1659,2,tackle,87
1663,2,tackle,95
1667,2,tackle,101
1668,2,tackle,82
1672,2,tackle,79
1675,2,tackle,105
1680,2,tackle,94
1685,2,tackle,92
1686,2,tackle,67
1687,2,tackle,92
1694,2,tackle,111
1697,2,tackle,89
1700,2,tackle,114
1702,2,tackle,98
1703,2,tackle,110
1707,2,tackle,82
1710,2,tackle,115
1715,2,tackle,83
1718,2,tackle,112
1720,2,tackle,85
1721,2,tackle,95
1723,2,tackle,74
1728,2,tackle,81
1730,2,tackle,98
1731,2,tackle,112
1739,2,tackle,85
1742,2,tackle,110
1743,2,tackle,74
1745,2,tackle,71
1747,2,tackle,80
1749,2,tackle,89
1750,2,tackle,110
1751,2,tackle,66
1754,2,tackle,90
1765,2,tackle,67
1766,2,tackle,89
1768,2,tackle,78
1772,2,tackle,108
1775,2,tackle,81
1776,2,tackle,112
1777,2,tackle,83
1778,2,tackle,101
1786,2,tackle,90
1789,2,tackle,90
1793,2,tackle,94
1794,2,tackle,111
1796,2,tackle,83
1799,2,tackle,103
1801,2,tackle,76
1803,2,tackle,87
1804,2,tackle,98
1805,2,tackle,77
1806,2,tackle,103
1810,2,tackle,110
1813,2,tackle,95
1822,2,tackle,73
1824,2,tackle,67
1828,2,tackle,109
1829,2,tackle,102
1832,2,tackle,85
1836,2,tackle,104
1838,2,tackle,74
1841,2,tackle,67
1844,2,tackle,107
1846,2,tackle,67
1849,2,tackle,100
1853,2,tackle,94
1855,2,tackle,88
1858,2,tackle,80
1860,2,tackle,109
1861,2,tackle,116
1862,2,tackle,94
1865,2,tackle,99
1867,2,tackle,90
1872,2,tackle,96
1875,2,tackle,89
1877,2,tackle,110
1878,2,tackle,80
1882,2,tackle,113
1885,2,tackle,72
1888,2,tackle,98
1891,2,tackle,96
1894,2,tackle,113
1897,2,tackle,79
1900,2,tackle,88
1901,2,tackle,102
1903,2,tackle,116
1905,2,tackle,102
1906,2,tackle,108
1907,2,tackle,103
1915,2,tackle,99
1917,2,tackle,92
1918,2,tackle,70
1919,2,tackle,109
1920,2,tackle,74
1921,2,tackle,100
1923,2,tackle,107
1924,2,tackle,110
1926,2,tackle,72
1928,2,tackle,93
1934,2,tackle,111
1939,2,tackle,74
1943,2,tackle,115
1944,2,tackle,83
1948,2,tackle,108
1949,2,tackle,100
1951,2,tackle,102
1961,2,tackle,108
1962,2,tackle,79
1965,2,tackle,79
1968,2,tackle,112
1970,2,tackle,72
1972,2,tackle,72
1976,2,tackle,69
1981,2,tackle,99
1982,2,tackle,71
1984,2,tackle,88
1985,2,tackle,107
1997,2,tackle,101
1999,2,tackle,71
2000,2,tackle,82
2003,2,tackle,74
2004,2,tackle,89
2005,2,tackle,102
2007,2,tackle,73
2013,2,tackle,78
2015,2,tackle,115
2018,2,tackle,79
2021,2,tackle,114
2022,2,tackle,84
2030,2,tackle,98
2033,2,tackle,93
2039,2,tackle,86
2041,2,tackle,113
2046,2,tackle,114
2047,2,tackle,96
2049,2,tackle,99
2051,2,tackle,113
2052,2,tackle,81
2059,2,tackle,91
2064,2,tackle,107
2068,2,tackle,98
2071,2,tackle,105
2073,2,tackle,80
2077,2,tackle,90
2078,2,tackle,97
2080,2,tackle,70
2082,2,tackle,82
2083,2,tackle,74
2085,2,tackle,71
2086,2,tackle,101
2094,2,tackle,74
2100,2,tackle,115
2102,2,tackle,89
2104,2,tackle,76
2108,2,tackle,114
2111,2,tackle,115
2112,2,tackle,91
2114,2,tackle,98
2116,2,tackle,116
2119,2,tackle,75
2121,2,tackle,91
2123,2,tackle,97
2124,2,tackle,109
2125,2,tackle,108
2126,2,tackle,72
2130,2,tackle,84
2133,2,tackle,99
2135,2,tackle,111
2136,2,tackle,67
2138,2,tackle,92
2139,2,tackle,106
2143,2,tackle,91
2146,2,tackle,84
2151,2,tackle,112
2152,2,tackle,75
2157,2,tackle,75
2159,2,tackle,71
2160,2,tackle,116
2161,2,tackle,101
2164,2,tackle,115
2172,2,tackle,94
2173,2,tackle,97
2177,2,tackle,84
2178,2,tackle,83
2181,2,tackle,105
2185,2,tackle,68
2186,2,tackle,83
2203,2,tackle,90
2205,2,tackle,83
2208,2,tackle,97
2209,2,tackle,103
2214,2,tackle,89
2217,2,tackle,73
2219,2,tackle,93
2220,2,tackle,106
2221,2,tackle,113
2223,2,tackle,113
2226,2,tackle,86
2229,2,tackle,84
2232,2,tackle,85
2234,2,tackle,95
2238,2,tackle,70
2239,2,tackle,83
2242,2,tackle,94
2243,2,tackle,108
2244,2,tackle,73
2245,2,tackle,74
2252,2,tackle,73
2253,2,tackle,109
2255,2,tackle,66
2256,2,tackle,84
2257,2,tackle,73
2258,2,tackle,80
2259,2,tackle,82
2260,2,tackle,85
2279,2,tackle,82
2280,2,tackle,71
2284,2,tackle,68
2290,2,tackle,102
2292,2,tackle,102
2304,2,tackle,108
2306,2,tackle,114
2307,2,tackle,115
2312,2,tackle,98
2313,2,tackle,112
2314,2,tackle,92
2315,2,tackle,72
2317,2,tackle,102
2324,2,tackle,94
2326,2,tackle,113
2327,2,tackle,77
2338,2,tackle,94
2339,2,tackle,116
2341,2,tackle,101
2342,2,tackle,100
2343,2,tackle,89
2350,2,tackle,95
2354,2,tackle,74
2357,2,tackle,89
2359,2,tackle,103
2361,2,tackle,71
2363,2,tackle,103
2365,2,tackle,77
2367,2,tackle,105
2371,2,tackle,95
2372,2,tackle,106
2376,2,tackle,82
2377,2,tackle,85
2378,2,tackle,71
2383,2,tackle,68
2387,2,tackle,103
2389,2,tackle,91
2391,2,tackle,98
2393,2,tackle,68
2397,2,tackle,95
2400,2,tackle,99
2406,2,tackle,89
2415,2,tackle,84
2416,2,tackle,97
2417,2,tackle,106
2419,2,tackle,111
2420,2,tackle,104
2424,2,tackle,94
2425,2,tackle,76
2427,2,tackle,91
2428,2,tackle,112
2430,2,tackle,71
2431,2,tackle,90
2432,2,tackle,106
2433,2,tackle,75
2435,2,tackle,108
2436,2,tackle,97
2443,2,tackle,100
2448,2,tackle,91
2454,2,tackle,79
2456,2,tackle,85
2457,2,tackle,111
2458,2,tackle,93
2460,2,tackle,88
2464,2,tackle,75
2469,2,tackle,107
2473,2,tackle,75
2475,2,tackle,114
2481,2,tackle,80
2485,2,tackle,105
2486,2,tackle,111
2489,2,tackle,90
2490,2,tackle,106
2494,2,tackle,113
2502,2,tackle,76
2504,2,tackle,101
2505,2,tackle,82
2507,2,tackle,79
2508,2,tackle,78
2510,2,tackle,92
2517,2,tackle,94
2522,2,tackle,99
2523,2,tackle,106
2531,2,tackle,81
2533,2,tackle,90
2538,2,tackle,95
2541,2,tackle,89
2542,2,tackle,100
2549,2,tackle,77
2550,2,tackle,75
2551,2,tackle,82
2560,2,tackle,113
2561,2,tackle,100
2566,2,tackle,80
2568,2,tackle,68
2571,2,tackle,95
2574,2,tackle,84
2576,2,tackle,106
2578,2,tackle,83
2580,2,tackle,78
2582,2,tackle,72
2586,2,tackle,97
2587,2,tackle,77
2589,2,tackle,85
2591,2,tackle,95
2592,2,tackle,72
2599,2,tackle,76
2602,2,tackle,107
2605,2,tackle,101
2613,2,tackle,73
2617,2,tackle,96
2618,2,tackle,82
2623,2,tackle,98
2631,2,tackle,107
2633,2,tackle,75
2634,2,tackle,80
2635,2,tackle,82
2640,2,tackle,107
2644,2,tackle,96
2645,2,tackle,92
2646,2,tackle,96
2650,2,tackle,84
2654,2,tackle,100
2658,2,tackle,115
2659,2,tackle,109
2660,2,tackle,78
2662,2,tackle,77
2663,2,tackle,74
2664,2,tackle,82
2665,2,tackle,110
2670,2,tackle,88
2673,2,tackle,74
2677,2,tackle,73
2679,2,tackle,66
2680,2,tackle,111
2688,2,tackle,97
2693,2,tackle,110
2696,2,tackle,102
2698,2,tackle,96
2706,2,tackle,108
2710,2,tackle,85
2711,2,tackle,80
2712,2,tackle,75
2713,2,tackle,113
2715,2,tackle,105
2716,2,tackle,71
2730,2,tackle,98
2733,2,tackle,97
2736,2,tackle,91
2738,2,tackle,109
2740,2,tackle,95
2755,2,tackle,115
2760,2,tackle,90
2761,2,tackle,66
2763,2,tackle,115
2773,2,tackle,110
2777,2,tackle,67
2779,2,tackle,98
2782,2,tackle,105
2783,2,tackle,91
2785,2,tackle,91
2786,2,tackle,116
2789,2,tackle,84
2793,2,tackle,68
2794,2,tackle,101
2796,2,tackle,67
2800,2,tackle,116
2802,2,tackle,95
2814,2,tackle,68
2816,2,tackle,73
2818,2,tackle,84
2826,2,tackle,76
2831,2,tackle,72
2833,2,tackle,85
2835,2,tackle,106
2839,2,tackle,112
2840,2,tackle,98
2841,2,tackle,114
2842,2,tackle,86
2843,2,tackle,112
2851,2,tackle,111
2852,2,tackle,73
2855,2,tackle,84
2857,2,tackle,80
2860,2,tackle,113
2869,2,tackle,67
2871,2,tackle,114
2875,2,tackle,102
2876,2,tackle,83
2883,2,tackle,90
2886,2,tackle,85
2887,2,tackle,95
2896,2,tackle,87
2899,2,tackle,71
2900,2,tackle,104
2903,2,tackle,90
2904,2,tackle,104
2905,2,tackle,75
2906,2,tackle,91
2908,2,tackle,67
2909,2,tackle,101
2910,2,tackle,105
2912,2,tackle,68
2913,2,tackle,86
2915,2,tackle,90
2917,2,tackle,99
2918,2,tackle,97
2922,2,tackle,109
2923,2,tackle,94
2924,2,tackle,83
2925,2,tackle,101
2926,2,tackle,82
2930,2,tackle,98
2931,2,tackle,110
2933,2,tackle,92
2934,2,tackle,106
2941,2,tackle,72
2943,2,tackle,112
2946,2,tackle,79
2954,2,tackle,86
2959,2,tackle,81
2964,2,tackle,112
2965,2,tackle,84
2967,2,tackle,78
2969,2,tackle,91
2971,2,tackle,104
2975,2,tackle,92
2976,2,tackle,107
2979,2,tackle,67
2980,2,tackle,67
2981,2,tackle,115
2982,2,tackle,73
2986,2,tackle,100
2987,2,tackle,68
2990,2,tackle,72
2992,2,tackle,109
2993,2,tackle,99
2996,2,tackle,77
3000,2,tackle,101
3001,2,tackle,99
3004,2,tackle,106
3005,2,tackle,104
3011,2,tackle,87
3018,2,tackle,101
3019,2,tackle,77
3020,2,tackle,109
3021,2,tackle,110
3022,2,tackle,77
3023,2,tackle,93
3026,2,tackle,96
3033,2,tackle,114
3036,2,tackle,76
3038,2,tackle,105
3048,2,tackle,79
3049,2,tackle,70
3051,2,tackle,87
3057,2,tackle,102
3069,2,tackle,93
3071,2,tackle,85
3073,2,tackle,94
3076,2,tackle,108
3080,2,tackle,104
3081,2,tackle,87
3083,2,tackle,89
3087,2,tackle,95
3095,2,tackle,69
3099,2,tackle,109
3101,2,tackle,66
3103,2,tackle,70
3106,2,tackle,85
3109,2,tackle,73
3110,2,tackle,112
3115,2,tackle,116
3116,2,tackle,66
3119,2,tackle,79
3121,2,tackle,109
3122,2,tackle,70
3131,2,tackle,116
3135,2,tackle,82
3136,2,tackle,71
3137,2,tackle,106
3141,2,tackle,98
3143,2,tackle,73
3144,2,tackle,98
3145,2,tackle,116
3149,2,tackle,81
3153,2,tackle,94
3154,2,tackle,91
3158,2,tackle,89
3159,2,tackle,93
3164,2,tackle,89
3168,2,tackle,69
3179,2,tackle,77
3182,2,tackle,116
3189,2,tackle,115
3192,2,tackle,103
3201,2,tackle,71
3214,2,tackle,73
3215,2,tackle,113
3217,2,tackle,83
3219,2,tackle,78
3220,2,tackle,93
3228,2,tackle,111
3229,2,tackle,107
3232,2,tackle,112
3234,2,tackle,69
3237,2,tackle,112
3239,2,tackle,114
3240,2,tackle,74
3241,2,tackle,96
3251,2,tackle,86
3254,2,tackle,104
3255,2,tackle,97
3263,2,tackle,108
3264,2,tackle,110
3266,2,tackle,83
3269,2,tackle,92
3271,2,tackle,72
3273,2,tackle,93
3274,2,tackle,107
3275,2,tackle,113
3279,2,tackle,114
3280,2,tackle,88
3282,2,tackle,67
3287,2,tackle,81
3291,2,tackle,102
3293,2,tackle,107
3296,2,tackle,96
3298,2,tackle,87
3300,2,tackle,110
3302,2,tackle,108
3303,2,tackle,84
3310,2,tackle,98
3311,2,tackle,83
3314,2,tackle,82
3315,2,tackle,69
3316,2,tackle,106
3318,2,tackle,78
3320,2,tackle,88
3324,2,tackle,80
3326,2,tackle,110
3328,2,tackle,93
3333,2,tackle,92
3340,2,tackle,116
3341,2,tackle,95
3348,2,tackle,86
3354,2,tackle,116
3355,2,tackle,113
3359,2,tackle,115
3360,2,tackle,95
3367,2,tackle,85
3368,2,tackle,108
3370,2,tackle,110
3371,2,tackle,70
3377,2,tackle,89
3381,2,tackle,95
3385,2,tackle,78
3387,2,tackle,98
3389,2,tackle,94
3392,2,tackle,108
3396,2,tackle,103
3399,2,tackle,102
3401,2,tackle,97
3403,2,tackle,96
3404,2,tackle,81
3405,2,tackle,110
3406,2,tackle,96
3408,2,tackle,84
3410,2,tackle,72
3413,2,tackle,106
3414,2,tackle,114
3415,2,tackle,73
3424,2,tackle,83
3425,2,tackle,70
3427,2,tackle,105
3431,2,tackle,101
3434,2,tackle,75
3443,2,tackle,108
3445,2,tackle,78
3458,2,tackle,99
3462,2,tackle,96
3469,2,tackle,68
3479,2,tackle,75
3480,2,tackle,101
3486,2,tackle,115
3497,2,tackle,75
3498,2,tackle,91
3501,2,tackle,111
3502,2,tackle,98
3504,2,tackle,108
3506,2,tackle,77
3507,2,tackle,102
3508,2,tackle,78
3510,2,tackle,113
3513,2,tackle,116
3514,2,tackle,112
3521,2,tackle,73
3523,2,tackle,84
3529,2,tackle,116
3530,2,tackle,81
3532,2,tackle,107
3535,2,tackle,87
3541,2,tackle,72
3542,2,tackle,94
3544,2,tackle,109
3558,2,tackle,73
3562,2,tackle,110
3564,2,tackle,81
3567,2,tackle,109
3570,2,tackle,95
3571,2,tackle,109
3573,2,tackle,69
3575,2,tackle,108
3579,2,tackle,83
3581,2,tackle,69
3584,2,tackle,99
3588,2,tackle,88
3592,2,tackle,79
3593,2,tackle,97
3597,2,tackle,103
3603,2,tackle,97
3604,2,tackle,70
3609,2,tackle,80
3610,2,tackle,100
3611,2,tackle,81
3613,2,tackle,75
3617,2,tackle,97
3619,2,tackle,75
3631,2,tackle,105
3633,2,tackle,112
3634,2,tackle,104
3635,2,tackle,116
3636,2,tackle,84
3640,2,tackle,89
3645,2,tackle,93
3646,2,tackle,85
3648,2,tackle,80
3650,2,tackle,114
3651,2,tackle,101
3652,2,tackle,108
3653,2,tackle,111
3654,2,tackle,95
3664,2,tackle,75
3666,2,tackle,100
3668,2,tackle,112
3669,2,tackle,110
3676,2,tackle,93
3677,2,tackle,108
3680,2,tackle,69
3681,2,tackle,72
3683,2,tackle,102
3685,2,tackle,69
3688,2,tackle,93
3689,2,tackle,70
3690,2,tackle,78
3691,2,tackle,68
3692,2,tackle,111
3696,2,tackle,96
3698,2,tackle,77
3699,2,tackle,66
3702,2,tackle,103
3705,2,tackle,109
3707,2,tackle,103
3713,2,tackle,83
3715,2,tackle,110
3717,2,tackle,112
3718,2,tackle,115
3723,2,tackle,107
3727,2,tackle,83
3731,2,tackle,75
3733,2,tackle,90
3734,2,tackle,76
3743,2,tackle,110
3750,2,tackle,101
3756,2,tackle,116
3757,2,tackle,93
3758,2,tackle,91
3759,2,tackle,110
3765,2,tackle,103
3769,2,tackle,74
3773,2,tackle,108
3774,2,tackle,89
3777,2,tackle,92
3779,2,tackle,90
3780,2,tackle,81
3781,2,tackle,115
3783,2,tackle,72
3785,2,tackle,82
3786,2,tackle,102
3788,2,tackle,87
3789,2,tackle,90
3794,2,tackle,79
3798,2,tackle,81
3799,2,tackle,91
3800,2,tackle,112
3806,2,tackle,103
3809,2,tackle,86
3814,2,tackle,108
3815,2,tackle,69
3816,2,tackle,78
3821,2,tackle,96
3823,2,tackle,98
3827,2,tackle,76
3831,2,tackle,88
3832,2,tackle,104
3833,2,tackle,111
3836,2,tackle,84
3843,2,tackle,80
3844,2,tackle,116
3847,2,tackle,88
3848,2,tackle,102
3851,2,tackle,97
3861,2,tackle,80
3865,2,tackle,93
3868,2,tackle,82
3869,2,tackle,69
3876,2,tackle,108
3878,2,tackle,89
3879,2,tackle,72
3887,2,tackle,115
3889,2,tackle,97
3895,2,tackle,70
3896,2,tackle,105
3902,2,tackle,116
3909,2,tackle,116
3913,2,tackle,101
3917,2,tackle,91
3918,2,tackle,74
3919,2,tackle,114
3922,2,tackle,107
3924,2,tackle,77
3926,2,tackle,79
3929,2,tackle,89
3930,2,tackle,83
3935,2,tackle,100
3937,2,tackle,86
3946,2,tackle,92
3952,2,tackle,87
3953,2,tackle,114
3959,2,tackle,79
3960,2,tackle,102
3964,2,tackle,101
3967,2,tackle,111
3974,2,tackle,74
3977,2,tackle,111
3979,2,tackle,87
3981,2,tackle,93
3983,2,tackle,105
3987,2,tackle,109
3988,2,tackle,99
3995,2,tackle,105
3996,2,tackle,98
3997,2,tackle,76
3999,2,tackle,106
4003,2,tackle,83
4004,2,tackle,82
4007,2,tackle,114
4010,2,tackle,74
4011,2,tackle,108
4014,2,tackle,77
4015,2,tackle,86
4018,2,tackle,86
4025,2,tackle,96
4028,2,tackle,81
4030,2,tackle,74
4038,2,tackle,98
4041,2,tackle,68
4044,2,tackle,98
4048,2,tackle,68
4049,2,tackle,84
4051,2,tackle,103
4055,2,tackle,75
4056,2,tackle,71
4058,2,tackle,75
4063,2,tackle,85
4065,2,tackle,80
4067,2,tackle,89
4068,2,tackle,99
4070,2,tackle,77
4073,2,tackle,76
4075,2,tackle,105
4076,2,tackle,112
4081,2,tackle,109
4083,2,tackle,72
4085,2,tackle,91
4087,2,tackle,95
4094,2,tackle,108
4096,2,tackle,94
4099,2,tackle,96
4101,2,tackle,104
4102,2,tackle,66
4107,2,tackle,98
4108,2,tackle,69
4111,2,tackle,104
4112,2,tackle,81
4115,2,tackle,73
4118,2,tackle,112
4122,2,tackle,97
4125,2,tackle,108
4126,2,tackle,111
4128,2,tackle,113
4138,2,tackle,93
4141,2,tackle,106
4142,2,tackle,76
4143,2,tackle,77
4144,2,tackle,90
4148,2,tackle,96
4153,2,tackle,80
4154,2,tackle,114
4156,2,tackle,76
4157,2,tackle,107
4158,2,tackle,96
4164,2,tackle,67
4165,2,tackle,101
4174,2,tackle,75
4180,2,tackle,81
4183,2,tackle,102
4185,2,tackle,91
4186,2,tackle,110
4187,2,tackle,81
4188,2,tackle,93
4192,2,tackle,111
4194,2,tackle,67
4202,2,tackle,109
4203,2,tackle,107
4204,2,tackle,74
4206,2,tackle,87
4207,2,tackle,112
4208,2,tackle,69
4209,2,tackle,96
4212,2,tackle,75
4214,2,tackle,73
4218,2,tackle,106
4219,2,tackle,78
4225,2,tackle,97
4233,2,tackle,91
4235,2,tackle,110
4240,2,tackle,81
4241,2,tackle,101
4245,2,tackle,70
4246,2,tackle,111
4254,2,tackle,84
4255,2,tackle,114
4262,2,tackle,84
4269,2,tackle,80
4271,2,tackle,66
4272,2,tackle,89
4273,2,tackle,114
4276,2,tackle,70
4279,2,tackle,76
4281,2,tackle,77
4282,2,tackle,94
4283,2,tackle,115
4285,2,tackle,113
4288,2,tackle,74
4291,2,tackle,73
4293,2,tackle,70
4294,2,tackle,114
4296,2,tackle,67
4297,2,tackle,83
4299,2,tackle,109
4302,2,tackle,98
4305,2,tackle,111
4306,2,tackle,93
4309,2,tackle,89
4323,2,tackle,108
4329,2,tackle,95
4331,2,tackle,75
4333,2,tackle,105
4335,2,tackle,81
4336,2,tackle,66
4337,2,tackle,82
4338,2,tackle,103
4342,2,tackle,88
4343,2,tackle,113
4344,2,tackle,77
4350,2,tackle,113
4352,2,tackle,113
4358,2,tackle,89
4359,2,tackle,116
4360,2,tackle,90
4364,2,tackle,100
4369,2,tackle,100
4370,2,tackle,116
4372,2,tackle,82
4373,2,tackle,89
4375,2,tackle,113
4376,2,tackle,113
4380,2,tackle,103
4381,2,tackle,97
4384,2,tackle,98
4386,2,tackle,67
4391,2,tackle,111
4396,2,tackle,115
4399,2,tackle,81
4406,2,tackle,100
4409,2,tackle,103
4412,2,tackle,75
4415,2,tackle,73
4417,2,tackle,115
4419,2,tackle,107
4423,2,tackle,85
4424,2,tackle,111
4428,2,tackle,67
4430,2,tackle,78
4438,2,tackle,85
4439,2,tackle,95
4440,2,tackle,92
4443,2,tackle,106
4446,2,tackle,101
4448,2,tackle,102
4451,2,tackle,73
4452,2,tackle,104
4454,2,tackle,102
4459,2,tackle,105
4470,2,tackle,72
4474,2,tackle,116
4476,2,tackle,75
4477,2,tackle,86
4485,2,tackle,107
4495,2,tackle,95
4497,2,tackle,103
4498,2,tackle,105
4500,2,tackle,79
4501,2,tackle,86
4505,2,tackle,94
4507,2,tackle,101
4508,2,tackle,109
4510,2,tackle,102
4511,2,tackle,113
4520,2,tackle,70
4534,2,tackle,110
4536,2,tackle,100
4537,2,tackle,79
4541,2,tackle,87
4543,2,tackle,91
4544,2,tackle,96
4546,2,tackle,75
4548,2,tackle,77
4550,2,tackle,90
4551,2,tackle,108
4552,2,tackle,77
4556,2,tackle,109
4557,2,tackle,76
4558,2,tackle,82
4559,2,tackle,83
4560,2,tackle,111
4562,2,tackle,98
4569,2,tackle,96
4571,2,tackle,107
4572,2,tackle,111
4574,2,tackle,91
4577,2,tackle,114
4581,2,tackle,96
4593,2,tackle,114
4594,2,tackle,83
4597,2,tackle,88
4599,2,tackle,99
4601,2,tackle,111
4603,2,tackle,109
4607,2,tackle,72
4614,2,tackle,84
4616,2,tackle,69
4619,2,tackle,113
4621,2,tackle,106
4629,2,tackle,116
4630,2,tackle,115
4631,2,tackle,110
4635,2,tackle,100
4636,2,tackle,95
4637,2,tackle,88
4638,2,tackle,74
4644,2,tackle,109
4645,2,tackle,66
4647,2,tackle,97
4654,2,tackle,78
4657,2,tackle,71
4659,2,tackle,104
4660,2,tackle,72
4661,2,tackle,115
4664,2,tackle,78
4665,2,tackle,106
4667,2,tackle,98
4668,2,tackle,102
4669,2,tackle,94
4675,2,tackle,93
4677,2,tackle,92
4680,2,tackle,111
4681,2,tackle,66
4685,2,tackle,99
4687,2,tackle,116
4689,2,tackle,112
4693,2,tackle,115
4695,2,tackle,72
4697,2,tackle,101
4698,2,tackle,114
4704,2,tackle,73
4705,2,tackle,87
4707,2,tackle,107
4714,2,tackle,98
4721,2,tackle,89
4723,2,tackle,111
4726,2,tackle,100
4727,2,tackle,84
4732,2,tackle,97
4745,2,tackle,113
4753,2,tackle,112
4757,2,tackle,92
4758,2,tackle,74
4759,2,tackle,76
4763,2,tackle,97
4766,2,tackle,80
4767,2,tackle,101
4770,2,tackle,67
4773,2,tackle,69
4777,2,tackle,89
4781,2,tackle,116
4783,2,tackle,113
4788,2,tackle,88
4790,2,tackle,92
4791,2,tackle,82
4792,2,tackle,69
4795,2,tackle,98
4797,2,tackle,68
4800,2,tackle,104
4802,2,tackle,82
4813,2,tackle,100
4814,2,tackle,96
4815,2,tackle,82
4816,2,tackle,79
4824,2,tackle,113
4826,2,tackle,72
4827,2,tackle,67
4829,2,tackle,71
4834,2,tackle,101
4836,2,tackle,84
4837,2,tackle,103
4843,2,tackle,82
4844,2,tackle,77
4845,2,tackle,78
4846,2,tackle,108
4847,2,tackle,111
4848,2,tackle,92
4851,2,tackle,79
4854,2,tackle,88
4857,2,tackle,89
4862,2,tackle,89
4863,2,tackle,67
4864,2,tackle,114
4867,2,tackle,105
4871,2,tackle,96
4872,2,tackle,105
4874,2,tackle,102
4879,2,tackle,90
4884,2,tackle,86
4886,2,tackle,108
4889,2,tackle,93
4891,2,tackle,82
4894,2,tackle,114
4901,2,tackle,111
4904,2,tackle,76
4911,2,tackle,86
4913,2,tackle,103
4926,2,tackle,113
4927,2,tackle,81
4929,2,tackle,107
4930,2,tackle,93
4932,2,tackle,83
4937,2,tackle,98
4940,2,tackle,105
4943,2,tackle,108
4944,2,tackle,79
4946,2,tackle,100
4948,2,tackle,80
4956,2,tackle,90
4957,2,tackle,91
4958,2,tackle,78
4961,2,tackle,80
4965,2,tackle,81
4972,2,tackle,103
4974,2,tackle,94
4975,2,tackle,107
4976,2,tackle,84
4978,2,tackle,74
4980,2,tackle,98
4981,2,tackle,87
4986,2,tackle,85
4988,2,tackle,70
4991,2,tackle,104
4995,2,tackle,106
4997,2,tackle,100
4999,2,tackle,75
5000,2,tackle,70
5004,2,tackle,90
5008,2,tackle,71
5009,2,tackle,80
5020,2,tackle,109
5024,2,tackle,78
5028,2,tackle,112
5032,2,tackle,116
5033,2,tackle,71
5037,2,tackle,76
5038,2,tackle,105
5042,2,tackle,74
5043,2,tackle,95
5045,2,tackle,114
5050,2,tackle,114
5056,2,tackle,86
5058,2,tackle,111
5061,2,tackle,115
5066,2,tackle,116
5068,2,tackle,107
5070,2,tackle,77
5072,2,tackle,73
5084,2,tackle,91
5085,2,tackle,113
5086,2,tackle,66
5090,2,tackle,83
5093,2,tackle,115
5095,2,tackle,106
5098,2,tackle,100
5099,2,tackle,115
5105,2,tackle,96
5106,2,tackle,86
5108,2,tackle,108
5109,2,tackle,78
5111,2,tackle,77
5114,2,tackle,104
5116,2,tackle,112
5119,2,tackle,103
5131,2,tackle,96
5133,2,tackle,112
5138,2,tackle,94
5146,2,tackle,75
5148,2,tackle,104
5150,2,tackle,73
5153,2,tackle,103
5157,2,tackle,69
5161,2,tackle,97
5162,2,tackle,114
5164,2,tackle,76
5167,2,tackle,81
5176,2,tackle,81
5184,2,tackle,71
5188,2,tackle,108
5189,2,tackle,90
5190,2,tackle,109
5193,2,tackle,105
5194,2,tackle,79
5195,2,tackle,96
5197,2,tackle,107
5200,2,tackle,99
5201,2,tackle,79
5204,2,tackle,96
5205,2,tackle,91
5206,2,tackle,94
5207,2,tackle,71
5208,2,tackle,114
5212,2,tackle,113
5219,2,tackle,85
5225,2,tackle,97
5226,2,tackle,106
5227,2,tackle,113
5228,2,tackle,82
5231,2,tackle,83
5232,2,tackle,104
5235,2,tackle,94
5237,2,tackle,104
5238,2,tackle,86
5241,2,tackle,68
5247,2,tackle,109
5253,2,tackle,72
5257,2,tackle,82
5260,2,tackle,66
5262,2,tackle,103
5263,2,tackle,96
5270,2,tackle,116
5273,2,tackle,72
5275,2,tackle,89
5280,2,tackle,92
5285,2,tackle,93
5289,2,tackle,87
5291,2,tackle,105
5293,2,tackle,86
5301,2,tackle,84
5303,2,tackle,71
5305,2,tackle,86
5306,2,tackle,116
5307,2,tackle,113
5312,2,tackle,90
5314,2,tackle,77
5322,2,tackle,96
5325,2,tackle,69
5328,2,tackle,107
5331,2,tackle,82
5333,2,tackle,96
5334,2,tackle,111
5338,2,tackle,104
5347,2,tackle,101
5350,2,tackle,113
5351,2,tackle,109
5352,2,tackle,95
5357,2,tackle,73
5358,2,tackle,108
5366,2,tackle,68
5368,2,tackle,85
5372,2,tackle,90
5373,2,tackle,98
5375,2,tackle,86
5389,2,tackle,89
5393,2,tackle,86
5396,2,tackle,104
5397,2,tackle,69
5399,2,tackle,110
5400,2,tackle,84
5405,2,tackle,83
5408,2,tackle,87
5413,2,tackle,83
5415,2,tackle,79
5419,2,tackle,93
5420,2,tackle,107
5422,2,tackle,89
5423,2,tackle,90
5424,2,tackle,67
5428,2,tackle,112
5433,2,tackle,89
5435,2,tackle,82
5436,2,tackle,72
5437,2,tackle,99
5439,2,tackle,107
5445,2,tackle,107
5448,2,tackle,93
5452,2,tackle,69
5454,2,tackle,82
5455,2,tackle,75
5456,2,tackle,70
5457,2,tackle,94
5465,2,tackle,102
5474,2,tackle,90
5475,2,tackle,96
5476,2,tackle,114
5479,2,tackle,70
5484,2,tackle,72
5488,2,tackle,94
5491,2,tackle,91
5495,2,tackle,72
5498,2,tackle,89
5501,2,tackle,106
5502,2,tackle,76
5504,2,tackle,70
5508,2,tackle,86
5509,2,tackle,95
5510,2,tackle,73
5513,2,tackle,84
5514,2,tackle,72
5515,2,tackle,86
5518,2,tackle,80
5523,2,tackle,68
5525,2,tackle,78
5528,2,tackle,97
5530,2,tackle,114
5531,2,tackle,68
5536,2,tackle,97
5538,2,tackle,103
5539,2,tackle,115
5545,2,tackle,115
5548,2,tackle,83
5549,2,tackle,69
5550,2,tackle,90
5551,2,tackle,83
5552,2,tackle,80
2,2,tackle,100
3,2,tackle,105
9,2,tackle,66
10,2,tackle,98
13,2,tackle,89
16,2,tackle,62
19,2,tackle,63
21,2,tackle,50
35,2,tackle,87
37,2,tackle,80
39,2,tackle,71
47,2,tackle,76
49,2,tackle,76
58,2,tackle,86
59,2,tackle,74
60,2,tackle,89
63,2,tackle,79
68,2,tackle,99
70,2,tackle,89
71,2,tackle,59
73,2,tackle,49
74,2,tackle,72
77,2,tackle,87
81,2,tackle,61
82,2,tackle,103
89,2,tackle,51
93,2,tackle,102
95,2,tackle,54
97,2,tackle,49
101,2,tackle,90
102,2,tackle,57
107,2,tackle,95
108,2,tackle,98
109,2,tackle,100
110,2,tackle,57
113,2,tackle,79
114,2,tackle,53
117,2,tackle,65
118,2,tackle,64
119,2,tackle,100
126,2,tackle,52
127,2,tackle,92
130,2,tackle,88
133,2,tackle,106
143,2,tackle,57
144,2,tackle,74
146,2,tackle,94
148,2,tackle,85
149,2,tackle,88
154,2,tackle,49
155,2,tackle,64
157,2,tackle,104
161,2,tackle,104
162,2,tackle,83
164,2,tackle,74
166,2,tackle,49
168,2,tackle,100
169,2,tackle,70
175,2,tackle,49
176,2,tackle,99
183,2,tackle,74
184,2,tackle,84
190,2,tackle,65
193,2,tackle,78
195,2,tackle,105
199,2,tackle,57
203,2,tackle,93
206,2,tackle,60
208,2,tackle,88
209,2,tackle,96
211,2,tackle,90
212,2,tackle,72
213,2,tackle,51
216,2,tackle,96
218,2,tackle,93
221,2,tackle,84
222,2,tackle,84
226,2,tackle,55
237,2,tackle,83
238,2,tackle,97
244,2,tackle,90
246,2,tackle,104
248,2,tackle,87
249,2,tackle,74
253,2,tackle,82
254,2,tackle,86
258,2,tackle,105
262,2,tackle,49
263,2,tackle,77
266,2,tackle,61
271,2,tackle,56
272,2,tackle,59
275,2,tackle,95
277,2,tackle,57
280,2,tackle,84
281,2,tackle,104
283,2,tackle,78
284,2,tackle,77
285,2,tackle,50
287,2,tackle,81
289,2,tackle,63
290,2,tackle,86
297,2,tackle,58
301,2,tackle,91
305,2,tackle,106
312,2,tackle,78
314,2,tackle,78
315,2,tackle,99
316,2,tackle,50
321,2,tackle,64
330,2,tackle,51
331,2,tackle,75
335,2,tackle,101
336,2,tackle,55
337,2,tackle,82
339,2,tackle,51
344,2,tackle,100
346,2,tackle,57
349,2,tackle,93
352,2,tackle,64
353,2,tackle,74
361,2,tackle,98
365,2,tackle,93
366,2,tackle,67
368,2,tackle,82
370,2,tackle,103
371,2,tackle,79
372,2,tackle,72
381,2,tackle,54
383,2,tackle,93
384,2,tackle,77
385,2,tackle,56
388,2,tackle,75
396,2,tackle,52
398,2,tackle,78
399,2,tackle,79
402,2,tackle,80
403,2,tackle,86
418,2,tackle,98
419,2,tackle,51
427,2,tackle,67
431,2,tackle,83
433,2,tackle,67
434,2,tackle,56
439,2,tackle,54
441,2,tackle,78
448,2,tackle,77
449,2,tackle,57
450,2,tackle,67
453,2,tackle,49
454,2,tackle,98
455,2,tackle,99
457,2,tackle,77
458,2,tackle,57
459,2,tackle,79
460,2,tackle,76
463,2,tackle,51
465,2,tackle,61
468,2,tackle,106
469,2,tackle,86
472,2,tackle,53
474,2,tackle,61
475,2,tackle,51
478,2,tackle,84
484,2,tackle,88
486,2,tackle,54
499,2,tackle,97
501,2,tackle,80
504,2,tackle,61
505,2,tackle,71
506,2,tackle,78
511,2,tackle,76
516,2,tackle,86
519,2,tackle,85
521,2,tackle,53
522,2,tackle,53
523,2,tackle,105
526,2,tackle,52
527,2,tackle,54
529,2,tackle,98
531,2,tackle,75
532,2,tackle,80
536,2,tackle,89
537,2,tackle,60
544,2,tackle,78
547,2,tackle,103
552,2,tackle,64
557,2,tackle,103
560,2,tackle,72
565,2,tackle,60
571,2,tackle,51
579,2,tackle,75
585,2,tackle,80
586,2,tackle,90
588,2,tackle,96
589,2,tackle,103
593,2,tackle,84
595,2,tackle,106
596,2,tackle,86
598,2,tackle,53
602,2,tackle,59
603,2,tackle,59
608,2,tackle,79
609,2,tackle,85
612,2,tackle,67
618,2,tackle,70
622,2,tackle,84
623,2,tackle,75
626,2,tackle,85
627,2,tackle,103
630,2,tackle,73
639,2,tackle,85
641,2,tackle,65
643,2,tackle,99
645,2,tackle,84
651,2,tackle,73
656,2,tackle,103
658,2,tackle,106
662,2,tackle,86
666,2,tackle,84
669,2,tackle,70
670,2,tackle,101
677,2,tackle,52
679,2,tackle,91
680,2,tackle,103
681,2,tackle,90
682,2,tackle,91
683,2,tackle,75
687,2,tackle,83
691,2,tackle,103
697,2,tackle,81
701,2,tackle,50
704,2,tackle,63
705,2,tackle,100
710,2,tackle,48
713,2,tackle,65
716,2,tackle,64
717,2,tackle,51
720,2,tackle,98
721,2,tackle,99
723,2,tackle,101
724,2,tackle,52
725,2,tackle,78
731,2,tackle,49
734,2,tackle,54
735,2,tackle,53
738,2,tackle,87
741,2,tackle,95
746,2,tackle,95
749,2,tackle,75
751,2,tackle,85
753,2,tackle,84
754,2,tackle,67
760,2,tackle,96
763,2,tackle,66
765,2,tackle,92
766,2,tackle,88
768,2,tackle,95
769,2,tackle,80
775,2,tackle,64
778,2,tackle,92
780,2,tackle,87
784,2,tackle,103
787,2,tackle,83
789,2,tackle,89
790,2,tackle,67
792,2,tackle,90
794,2,tackle,54
797,2,tackle,68
798,2,tackle,106
800,2,tackle,78
804,2,tackle,91
806,2,tackle,78
807,2,tackle,93
809,2,tackle,79
811,2,tackle,83
812,2,tackle,51
815,2,tackle,93
817,2,tackle,87
828,2,tackle,84
832,2,tackle,62
833,2,tackle,49
838,2,tackle,85
844,2,tackle,55
846,2,tackle,53
850,2,tackle,76
851,2,tackle,92
852,2,tackle,84
856,2,tackle,94
859,2,tackle,78
860,2,tackle,98
861,2,tackle,48
863,2,tackle,77
864,2,tackle,84
865,2,tackle,97
867,2,tackle,83
868,2,tackle,98
870,2,tackle,65
872,2,tackle,55
873,2,tackle,59
874,2,tackle,91
876,2,tackle,70
878,2,tackle,59
882,2,tackle,98
893,2,tackle,102
896,2,tackle,58
897,2,tackle,85
900,2,tackle,59
901,2,tackle,66
904,2,tackle,67
907,2,tackle,61
908,2,tackle,99
909,2,tackle,62
917,2,tackle,102
918,2,tackle,72
920,2,tackle,100
921,2,tackle,52
924,2,tackle,52
926,2,tackle,50
927,2,tackle,53
929,2,tackle,77
933,2,tackle,64
936,2,tackle,70
938,2,tackle,73
940,2,tackle,68
941,2,tackle,106
942,2,tackle,48
943,2,tackle,101
945,2,tackle,59
947,2,tackle,87
950,2,tackle,60
951,2,tackle,57
953,2,tackle,93
957,2,tackle,50
958,2,tackle,82
966,2,tackle,83
973,2,tackle,82
975,2,tackle,83
976,2,tackle,56
979,2,tackle,67
980,2,tackle,89
983,2,tackle,89
988,2,tackle,66
989,2,tackle,106
990,2,tackle,73
991,2,tackle,60
992,2,tackle,105
999,2,tackle,94
1001,2,tackle,55
1003,2,tackle,86
1004,2,tackle,81
1005,2,tackle,104
1006,2,tackle,77
1008,2,tackle,94
1009,2,tackle,57
1012,2,tackle,69
1013,2,tackle,95
1015,2,tackle,78
1016,2,tackle,66
1019,2,tackle,91
1021,2,tackle,65
1023,2,tackle,67
1024,2,tackle,63
1025,2,tackle,82
1027,2,tackle,105
1029,2,tackle,87
1032,2,tackle,80
1037,2,tackle,59
1041,2,tackle,48
1042,2,tackle,95
1043,2,tackle,73
1044,2,tackle,80
1049,2,tackle,101
1050,2,tackle,61
1052,2,tackle,104
1056,2,tackle,80
1057,2,tackle,74
1059,2,tackle,80
1062,2,tackle,96
1066,2,tackle,55
1067,2,tackle,64
1070,2,tackle,60
1071,2,tackle,83
1074,2,tackle,98
1076,2,tackle,65
1077,2,tackle,61
1081,2,tackle,94
1087,2,tackle,53
1092,2,tackle,71
1093,2,tackle,81
1094,2,tackle,92
1095,2,tackle,81
1097,2,tackle,50
1099,2,tackle,60
1100,2,tackle,57
1102,2,tackle,71
1105,2,tackle,104
1106,2,tackle,93
1115,2,tackle,69
1119,2,tackle,90
1122,2,tackle,89
1124,2,tackle,97
1128,2,tackle,82
1130,2,tackle,65
1133,2,tackle,98
1134,2,tackle,48
1136,2,tackle,49
1139,2,tackle,68
1140,2,tackle,94
1141,2,tackle,78
1151,2,tackle,97
1163,2,tackle,100
1164,2,tackle,65
1165,2,tackle,55
1173,2,tackle,49
1174,2,tackle,60
1176,2,tackle,83
1177,2,tackle,53
1179,2,tackle,87
1189,2,tackle,60
1191,2,tackle,86
1202,2,tackle,60
1204,2,tackle,50
1205,2,tackle,73
1209,2,tackle,80
1210,2,tackle,67
1212,2,tackle,82
1213,2,tackle,77
1216,2,tackle,65
1217,2,tackle,55
1220,2,tackle,52
1221,2,tackle,57
1226,2,tackle,65
1230,2,tackle,104
1233,2,tackle,84
1234,2,tackle,54
1235,2,tackle,56
1241,2,tackle,58
1242,2,tackle,106
1244,2,tackle,82
1247,2,tackle,101
1253,2,tackle,97
1256,2,tackle,94
1257,2,tackle,93
1259,2,tackle,103
1261,2,tackle,102
1270,2,tackle,89
1271,2,tackle,55
1273,2,tackle,53
1286,2,tackle,95
1289,2,tackle,85
1290,2,tackle,49
1295,2,tackle,87
1297,2,tackle,96
1299,2,tackle,55
1303,2,tackle,53
1304,2,tackle,72
1308,2,tackle,105
1311,2,tackle,63
1315,2,tackle,68
1319,2,tackle,63
1320,2,tackle,48
1324,2,tackle,92
1325,2,tackle,56
1328,2,tackle,102
1329,2,tackle,48
1333,2,tackle,104
1334,2,tackle,81
1335,2,tackle,79
1336,2,tackle,63
1338,2,tackle,62
1340,2,tackle,79
1344,2,tackle,94
1349,2,tackle,92
1351,2,tackle,48
1358,2,tackle,73
1359,2,tackle,90
1361,2,tackle,67
1362,2,tackle,81
1371,2,tackle,90
1374,2,tackle,100
1382,2,tackle,51
1391,2,tackle,63
1394,2,tackle,106
1399,2,tackle,63
1404,2,tackle,85
1408,2,tackle,96
1413,2,tackle,71
1419,2,tackle,70
1420,2,tackle,49
1424,2,tackle,56
1426,2,tackle,95
1427,2,tackle,51
1428,2,tackle,65
1429,2,tackle,93
1431,2,tackle,95
1433,2,tackle,69
1434,2,tackle,48
1436,2,tackle,93
1437,2,tackle,87
1441,2,tackle,51
1442,2,tackle,56
1446,2,tackle,88
1449,2,tackle,82
1452,2,tackle,90
1453,2,tackle,57
1459,2,tackle,78
1464,2,tackle,86
1471,2,tackle,60
1472,2,tackle,70
1479,2,tackle,103
1480,2,tackle,89
1482,2,tackle,55
1485,2,tackle,103
1488,2,tackle,66
1490,2,tackle,56
1493,2,tackle,59
1498,2,tackle,51
1505,2,tackle,49
1506,2,tackle,59
1507,2,tackle,82
1512,2,tackle,59
1515,2,tackle,83
1516,2,tackle,71
1517,2,tackle,60
1518,2,tackle,58
1522,2,tackle,64
1523,2,tackle,87
1524,2,tackle,94
1526,2,tackle,99
1529,2,tackle,102
1535,2,tackle,83
1541,2,tackle,59
1557,2,tackle,60
1561,2,tackle,59
1563,2,tackle,55
1564,2,tackle,52
1568,2,tackle,60
1569,2,tackle,59
1573,2,tackle,55
1574,2,tackle,98
1577,2,tackle,88
1578,2,tackle,56
1579,2,tackle,93
1583,2,tackle,90
1585,2,tackle,83
1589,2,tackle,66
1591,2,tackle,96
1592,2,tackle,87
1596,2,tackle,52
1597,2,tackle,65
1598,2,tackle,55
1600,2,tackle,104
1602,2,tackle,82
1606,2,tackle,70
1608,2,tackle,63
1611,2,tackle,67
1614,2,tackle,83
1617,2,tackle,74
1618,2,tackle,97
1620,2,tackle,60
1627,2,tackle,101
1629,2,tackle,92
1630,2,tackle,96
1631,2,tackle,97
1636,2,tackle,59
1637,2,tackle,48
1639,2,tackle,91
1641,2,tackle,106
1650,2,tackle,52
1654,2,tackle,52
1655,2,tackle,95
1656,2,tackle,100
1660,2,tackle,49
1666,2,tackle,93
1667,2,tackle,48
1672,2,tackle,84
1673,2,tackle,85
1676,2,tackle,93
1680,2,tackle,85
1689,2,tackle,85
1691,2,tackle,61
1696,2,tackle,87
1698,2,tackle,101
1702,2,tackle,61
1704,2,tackle,65
1707,2,tackle,87
1708,2,tackle,84
1710,2,tackle,72
1719,2,tackle,88
1721,2,tackle,49
1722,2,tackle,65
1725,2,tackle,50
1726,2,tackle,74
1727,2,tackle,99
1728,2,tackle,88
1730,2,tackle,105
1732,2,tackle,96
1738,2,tackle,48
1742,2,tackle,74
1743,2,tackle,95
1749,2,tackle,104
1750,2,tackle,97
1753,2,tackle,64
1754,2,tackle,106
1756,2,tackle,89
1758,2,tackle,58
1759,2,tackle,49
1762,2,tackle,89
1764,2,tackle,102
1765,2,tackle,75
1768,2,tackle,102
1770,2,tackle,87
1772,2,tackle,80
1773,2,tackle,49
1775,2,tackle,71
1777,2,tackle,93
1778,2,tackle,92
1781,2,tackle,93
1784,2,tackle,50
1786,2,tackle,97
1787,2,tackle,48
1791,2,tackle,69
1794,2,tackle,96
1795,2,tackle,54
1796,2,tackle,96
1798,2,tackle,53
1801,2,tackle,59
1802,2,tackle,103
1807,2,tackle,51
1808,2,tackle,95
1809,2,tackle,93
1812,2,tackle,99
1816,2,tackle,66
1817,2,tackle,85
1824,2,tackle,91
1832,2,tackle,98
1834,2,tackle,100
1837,2,tackle,87
1838,2,tackle,104
1840,2,tackle,95
1845,2,tackle,100
1848,2,tackle,68
1849,2,tackle,74
1851,2,tackle,67
1859,2,tackle,89
1861,2,tackle,104
1862,2,tackle,58
1864,2,tackle,73
1865,2,tackle,90
1866,2,tackle,69
1868,2,tackle,89
1869,2,tackle,59
1874,2,tackle,101
1879,2,tackle,106
1880,2,tackle,48
1886,2,tackle,102
1887,2,tackle,78
1893,2,tackle,98
1897,2,tackle,99
1902,2,tackle,66
1903,2,tackle,57
1906,2,tackle,94
1909,2,tackle,58
1910,2,tackle,89
1913,2,tackle,103
1914,2,tackle,65
1916,2,tackle,104
1919,2,tackle,99
1921,2,tackle,98
1923,2,tackle,102
1924,2,tackle,90
1925,2,tackle,69
1928,2,tackle,52
1931,2,tackle,95
1934,2,tackle,65
1935,2,tackle,72
1939,2,tackle,49
1947,2,tackle,66
1948,2,tackle,52
1950,2,tackle,79
1951,2,tackle,86
1955,2,tackle,59
1956,2,tackle,53
1957,2,tackle,63
1958,2,tackle,64
1959,2,tackle,74
1970,2,tackle,97
1972,2,tackle,88
1973,2,tackle,74
1974,2,tackle,104
1975,2,tackle,63
1978,2,tackle,73
1979,2,tackle,61
1984,2,tackle,82
1986,2,tackle,94
1988,2,tackle,57
1998,2,tackle,77
1999,2,tackle,103
2004,2,tackle,63
2008,2,tackle,70
2010,2,tackle,62
2015,2,tackle,77
2018,2,tackle,59
2019,2,tackle,90
2021,2,tackle,104
2023,2,tackle,74
2029,2,tackle,73
2030,2,tackle,87
2033,2,tackle,104
2038,2,tackle,72
2041,2,tackle,85
2044,2,tackle,56
2047,2,tackle,65
2052,2,tackle,57
2058,2,tackle,81
2059,2,tackle,92
2060,2,tackle,95
2063,2,tackle,82
2068,2,tackle,60
2072,2,tackle,51
2073,2,tackle,93
2079,2,tackle,70
2080,2,tackle,53
2085,2,tackle,67
2088,2,tackle,87
2092,2,tackle,92
2094,2,tackle,71
2099,2,tackle,54
2100,2,tackle,50
2102,2,tackle,91
2104,2,tackle,96
2109,2,tackle,89
2111,2,tackle,70
2114,2,tackle,85
2116,2,tackle,80
2119,2,tackle,86
2120,2,tackle,71
2121,2,tackle,69
2122,2,tackle,83
2127,2,tackle,90
2128,2,tackle,60
2129,2,tackle,83
2131,2,tackle,64
2132,2,tackle,100
2137,2,tackle,104
2143,2,tackle,51
2147,2,tackle,54
2148,2,tackle,59
2149,2,tackle,48
2151,2,tackle,87
2152,2,tackle,54
2157,2,tackle,91
2160,2,tackle,62
2161,2,tackle,79
2169,2,tackle,104
2171,2,tackle,54
2172,2,tackle,75
2182,2,tackle,80
2183,2,tackle,60
2184,2,tackle,73
2185,2,tackle,64
2186,2,tackle,93
2189,2,tackle,94
2190,2,tackle,59
2194,2,tackle,74
2195,2,tackle,72
2197,2,tackle,55
2202,2,tackle,103
2205,2,tackle,84
2206,2,tackle,85
2207,2,tackle,49
2208,2,tackle,96
2211,2,tackle,68
2216,2,tackle,77
2219,2,tackle,96
2220,2,tackle,48
2224,2,tackle,62
2227,2,tackle,53
2228,2,tackle,105
2235,2,tackle,80
2244,2,tackle,65
2245,2,tackle,50
2246,2,tackle,78
2248,2,tackle,51
2249,2,tackle,60
2252,2,tackle,92
2256,2,tackle,53
2265,2,tackle,84
2271,2,tackle,87
2273,2,tackle,66
2274,2,tackle,88
2275,2,tackle,77
2278,2,tackle,69
2283,2,tackle,98
2285,2,tackle,96
2287,2,tackle,82
2288,2,tackle,73
2290,2,tackle,103
2291,2,tackle,51
2292,2,tackle,73
2293,2,tackle,88
2294,2,tackle,60
2299,2,tackle,85
2308,2,tackle,105
2315,2,tackle,69
2316,2,tackle,104
2318,2,tackle,104
2320,2,tackle,105
2321,2,tackle,76
2322,2,tackle,105
2328,2,tackle,74
2332,2,tackle,93
2333,2,tackle,92
2334,2,tackle,88
2335,2,tackle,100
2337,2,tackle,67
2340,2,tackle,102
2345,2,tackle,73
2348,2,tackle,75
2349,2,tackle,89
2352,2,tackle,99
2353,2,tackle,74
2359,2,tackle,85
2360,2,tackle,102
2361,2,tackle,106
2364,2,tackle,106
2366,2,tackle,97
2367,2,tackle,55
2368,2,tackle,97
2369,2,tackle,88
2372,2,tackle,49
2376,2,tackle,67
2378,2,tackle,101
2379,2,tackle,75
2381,2,tackle,59
2383,2,tackle,72
2386,2,tackle,87
2388,2,tackle,83
2389,2,tackle,91
2390,2,tackle,96
2392,2,tackle,72
2398,2,tackle,99
2403,2,tackle,96
2404,2,tackle,75
2405,2,tackle,85
2409,2,tackle,53
2412,2,tackle,77
2413,2,tackle,63
2417,2,tackle,48
2420,2,tackle,86
2422,2,tackle,95
2427,2,tackle,71
2429,2,tackle,85
2434,2,tackle,73
2436,2,tackle,70
2439,2,tackle,84
2443,2,tackle,90
2447,2,tackle,105
2449,2,tackle,94
2451,2,tackle,102
2452,2,tackle,85
2459,2,tackle,77
2461,2,tackle,69
2462,2,tackle,80
2468,2,tackle,105
2470,2,tackle,65
2473,2,tackle,85
2475,2,tackle,96
2476,2,tackle,98
2477,2,tackle,103
2478,2,tackle,97
2481,2,tackle,73
2484,2,tackle,76
2486,2,tackle,76
2487,2,tackle,53
2489,2,tackle,102
2492,2,tackle,104
2493,2,tackle,48
2495,2,tackle,61
2496,2,tackle,79
2497,2,tackle,70
2498,2,tackle,91
2511,2,tackle,75
2512,2,tackle,80
2514,2,tackle,76
2515,2,tackle,82
2517,2,tackle,71
2521,2,tackle,67
2522,2,tackle,95
2524,2,tackle,81
2525,2,tackle,61
2526,2,tackle,63
2532,2,tackle,85
2534,2,tackle,93
2536,2,tackle,50
2546,2,tackle,54
2549,2,tackle,103
2550,2,tackle,50
2554,2,tackle,106
2555,2,tackle,101
2556,2,tackle,106
2559,2,tackle,97
2568,2,tackle,98
2571,2,tackle,90
2573,2,tackle,79
2575,2,tackle,56
2577,2,tackle,81
2581,2,tackle,69
2582,2,tackle,74
2583,2,tackle,85
2585,2,tackle,102
2586,2,tackle,71
2587,2,tackle,82
2588,2,tackle,74
2595,2,tackle,75
2597,2,tackle,52
2600,2,tackle,83
2606,2,tackle,76
2612,2,tackle,98
2618,2,tackle,60
2622,2,tackle,50
2626,2,tackle,70
2628,2,tackle,58
2629,2,tackle,105
2631,2,tackle,106
2635,2,tackle,75
2643,2,tackle,61
2644,2,tackle,102
2645,2,tackle,61
2648,2,tackle,97
2650,2,tackle,75
2651,2,tackle,79
2652,2,tackle,104
2656,2,tackle,65
2657,2,tackle,52
2658,2,tackle,77
2661,2,tackle,97
2667,2,tackle,48
2669,2,tackle,60
2672,2,tackle,73
2674,2,tackle,67
2680,2,tackle,75
2682,2,tackle,89
2686,2,tackle,105
2687,2,tackle,76
2690,2,tackle,79
2691,2,tackle,58
2694,2,tackle,64
2696,2,tackle,101
2699,2,tackle,55
2701,2,tackle,50
2703,2,tackle,86
2704,2,tackle,57
2705,2,tackle,49
2707,2,tackle,104
2709,2,tackle,55
2714,2,tackle,85
2716,2,tackle,92
2718,2,tackle,72
2723,2,tackle,102
2724,2,tackle,57
2726,2,tackle,75
2727,2,tackle,96
2728,2,tackle,65
2737,2,tackle,56
2738,2,tackle,66
2739,2,tackle,101
2742,2,tackle,70
2749,2,tackle,97
2751,2,tackle,71
2753,2,tackle,100
2756,2,tackle,85
2759,2,tackle,71
2760,2,tackle,106
2762,2,tackle,50
2771,2,tackle,49
2772,2,tackle,50
2773,2,tackle,69
2778,2,tackle,55
2783,2,tackle,58
2788,2,tackle,84
2789,2,tackle,57
2790,2,tackle,68
2791,2,tackle,98
2794,2,tackle,52
2795,2,tackle,84
2800,2,tackle,61
2805,2,tackle,85
2806,2,tackle,74
2807,2,tackle,73
2820,2,tackle,78
2824,2,tackle,67
2825,2,tackle,76
2826,2,tackle,85
2827,2,tackle,56
2828,2,tackle,51
2829,2,tackle,90
2830,2,tackle,96
2831,2,tackle,83
2833,2,tackle,54
2834,2,tackle,77
2835,2,tackle,68
2838,2,tackle,75
2839,2,tackle,82
2840,2,tackle,59
2845,2,tackle,73
2848,2,tackle,58
2857,2,tackle,67
2858,2,tackle,50
2861,2,tackle,63
2864,2,tackle,66
2868,2,tackle,92
2871,2,tackle,60
2874,2,tackle,105
2877,2,tackle,93
2880,2,tackle,48
2883,2,tackle,82
2888,2,tackle,77
2889,2,tackle,91
2897,2,tackle,56
2908,2,tackle,88
2909,2,tackle,90
2913,2,tackle,79
2926,2,tackle,96
2929,2,tackle,88
2930,2,tackle,60
2937,2,tackle,53
2939,2,tackle,56
2940,2,tackle,67
2941,2,tackle,105
2946,2,tackle,62
2949,2,tackle,98
2954,2,tackle,80
2958,2,tackle,90
2963,2,tackle,88
2971,2,tackle,53
2975,2,tackle,63
2978,2,tackle,54
2981,2,tackle,75
2982,2,tackle,76
2984,2,tackle,80
2986,2,tackle,85
2989,2,tackle,89
2991,2,tackle,59
2993,2,tackle,57
2997,2,tackle,59
2999,2,tackle,93
3001,2,tackle,93
3012,2,tackle,55
3018,2,tackle,93
3019,2,tackle,60
3020,2,tackle,79
3021,2,tackle,89
3027,2,tackle,106
3028,2,tackle,105
3038,2,tackle,75
3044,2,tackle,78
3045,2,tackle,85
3049,2,tackle,55
3057,2,tackle,80
3059,2,tackle,75
3060,2,tackle,79
3061,2,tackle,80
3063,2,tackle,105
3065,2,tackle,48
3070,2,tackle,85
3075,2,tackle,72
3076,2,tackle,86
3077,2,tackle,91
3080,2,tackle,88
3085,2,tackle,81
3089,2,tackle,71
3094,2,tackle,82
3095,2,tackle,75
3097,2,tackle,98
3098,2,tackle,78
3099,2,tackle,50
3104,2,tackle,99
3106,2,tackle,106
3109,2,tackle,50
3112,2,tackle,78
3115,2,tackle,83
3117,2,tackle,98
3119,2,tackle,91
3125,2,tackle,100
3131,2,tackle,99
3134,2,tackle,93
3135,2,tackle,86
3136,2,tackle,90
3137,2,tackle,53
3140,2,tackle,94
3142,2,tackle,55
3143,2,tackle,68
3147,2,tackle,54
3149,2,tackle,87
3153,2,tackle,86
3154,2,tackle,72
3155,2,tackle,73
3157,2,tackle,87
3158,2,tackle,101
3159,2,tackle,93
3162,2,tackle,100
3168,2,tackle,82
3176,2,tackle,102
3180,2,tackle,84
3186,2,tackle,58
3187,2,tackle,70
3189,2,tackle,77
3192,2,tackle,68
3194,2,tackle,89
3195,2,tackle,59
3196,2,tackle,97
3198,2,tackle,73
3202,2,tackle,92
3203,2,tackle,94
3215,2,tackle,78
3216,2,tackle,73
3217,2,tackle,85
3218,2,tackle,81
3220,2,tackle,50
3221,2,tackle,48
3235,2,tackle,88
3240,2,tackle,83
3241,2,tackle,80
3250,2,tackle,68
3251,2,tackle,81
3253,2,tackle,96
3254,2,tackle,61
3255,2,tackle,71
3263,2,tackle,103
3271,2,tackle,53
3272,2,tackle,83
3277,2,tackle,64
3280,2,tackle,62
3281,2,tackle,105
3284,2,tackle,57
3286,2,tackle,106
3288,2,tackle,64
3289,2,tackle,85
3294,2,tackle,106
3297,2,tackle,61
3298,2,tackle,67
3303,2,tackle,70
3304,2,tackle,85
3310,2,tackle,54
3314,2,tackle,55
3319,2,tackle,70
3321,2,tackle,93
3323,2,tackle,80
3325,2,tackle,74
3326,2,tackle,83
3329,2,tackle,82
3333,2,tackle,82
3334,2,tackle,85
3335,2,tackle,81
3337,2,tackle,98
3340,2,tackle,85
3342,2,tackle,65
3344,2,tackle,67
3345,2,tackle,64
3351,2,tackle,100
3352,2,tackle,63
3359,2,tackle,81
3377,2,tackle,63
3381,2,tackle,94
3383,2,tackle,49
3385,2,tackle,97
3386,2,tackle,61
3388,2,tackle,53
3389,2,tackle,94
3391,2,tackle,54
3393,2,tackle,48
3394,2,tackle,78
3398,2,tackle,71
3399,2,tackle,86
3407,2,tackle,71
3409,2,tackle,93
3414,2,tackle,105
3422,2,tackle,92
3424,2,tackle,87
3430,2,tackle,98
3431,2,tackle,104
3436,2,tackle,95
3441,2,tackle,59
3448,2,tackle,88
3449,2,tackle,94
3450,2,tackle,88
3455,2,tackle,74
3456,2,tackle,81
3459,2,tackle,51
3464,2,tackle,61
3466,2,tackle,70
3468,2,tackle,67
3476,2,tackle,56
3481,2,tackle,84
3482,2,tackle,61
3483,2,tackle,64
3485,2,tackle,73
3488,2,tackle,88
3490,2,tackle,87
3493,2,tackle,75
3495,2,tackle,72
3499,2,tackle,51
3501,2,tackle,89
3504,2,tackle,81
3506,2,tackle,63
3509,2,tackle,85
3511,2,tackle,86
3513,2,tackle,105
3516,2,tackle,60
3517,2,tackle,84
3522,2,tackle,72
3525,2,tackle,79
3528,2,tackle,59
3532,2,tackle,69
3547,2,tackle,95
3548,2,tackle,55
3550,2,tackle,69
3552,2,tackle,96
3556,2,tackle,102
3558,2,tackle,50
3559,2,tackle,80
3563,2,tackle,106
3573,2,tackle,88
3575,2,tackle,96
3576,2,tackle,56
3577,2,tackle,50
3578,2,tackle,55
3579,2,tackle,95
3582,2,tackle,106
3587,2,tackle,95
3588,2,tackle,88
3596,2,tackle,91
3597,2,tackle,49
3604,2,tackle,77
3605,2,tackle,88
3607,2,tackle,106
3612,2,tackle,72
3616,2,tackle,71
3622,2,tackle,75
3623,2,tackle,91
3624,2,tackle,59
3625,2,tackle,71
3628,2,tackle,100
3630,2,tackle,80
1,2,tackle,34
12,2,tackle,66
14,2,tackle,23
16,2,tackle,108
18,2,tackle,56
20,2,tackle,67
23,2,tackle,107
35,2,tackle,89
38,2,tackle,10
41,2,tackle,30
42,2,tackle,123
50,2,tackle,91
59,2,tackle,93
60,2,tackle,30
62,2,tackle,100
64,2,tackle,18
67,2,tackle,82
69,2,tackle,4
76,2,tackle,112
83,2,tackle,19
84,2,tackle,105
86,2,tackle,70
89,2,tackle,13
92,2,tackle,9
93,2,tackle,110
94,2,tackle,8
95,2,tackle,22
96,2,tackle,53
103,2,tackle,96
107,2,tackle,36
116,2,tackle,116
119,2,tackle,38
120,2,tackle,124
128,2,tackle,98
138,2,tackle,42
140,2,tackle,95
141,2,tackle,61
142,2,tackle,14
146,2,tackle,41
149,2,tackle,86
152,2,tackle,74
153,2,tackle,53
155,2,tackle,115
166,2,tackle,85
167,2,tackle,95
169,2,tackle,73
172,2,tackle,19
174,2,tackle,29
175,2,tackle,23
176,2,tackle,45
177,2,tackle,18
178,2,tackle,97
179,2,tackle,124
188,2,tackle,29
192,2,tackle,43
193,2,tackle,3
195,2,tackle,31
197,2,tackle,10
198,2,tackle,27
199,2,tackle,3
206,2,tackle,11
214,2,tackle,62
216,2,tackle,84
218,2,tackle,8
221,2,tackle,112
226,2,tackle,74
231,2,tackle,54
232,2,tackle,45
233,2,tackle,56
235,2,tackle,47
239,2,tackle,114
240,2,tackle,115
245,2,tackle,71
265,2,tackle,19
270,2,tackle,114
271,2,tackle,68
272,2,tackle,20
273,2,tackle,101
274,2,tackle,115
276,2,tackle,72
277,2,tackle,3
279,2,tackle,39
280,2,tackle,53
283,2,tackle,20
291,2,tackle,74
294,2,tackle,39
299,2,tackle,87
300,2,tackle,8
305,2,tackle,80
307,2,tackle,57
308,2,tackle,94
313,2,tackle,11
317,2,tackle,40
320,2,tackle,10
326,2,tackle,109
331,2,tackle,107
335,2,tackle,118
340,2,tackle,20
345,2,tackle,17
348,2,tackle,57
349,2,tackle,26
350,2,tackle,125
356,2,tackle,79
357,2,tackle,111
359,2,tackle,83
363,2,tackle,113
364,2,tackle,29
365,2,tackle,59
366,2,tackle,105
370,2,tackle,103
371,2,tackle,124
378,2,tackle,67
389,2,tackle,93
397,2,tackle,61
399,2,tackle,74
401,2,tackle,44
403,2,tackle,59
409,2,tackle,57
413,2,tackle,55
416,2,tackle,102
417,2,tackle,46
418,2,tackle,6
420,2,tackle,89
421,2,tackle,45
423,2,tackle,105
424,2,tackle,34
425,2,tackle,93
428,2,tackle,38
433,2,tackle,103
437,2,tackle,115
440,2,tackle,46
441,2,tackle,36
442,2,tackle,58
446,2,tackle,82
447,2,tackle,62
450,2,tackle,117
454,2,tackle,42
457,2,tackle,3
462,2,tackle,72
467,2,tackle,110
468,2,tackle,124
471,2,tackle,102
472,2,tackle,102
476,2,tackle,49
477,2,tackle,45
479,2,tackle,15
485,2,tackle,98
486,2,tackle,60
487,2,tackle,89
494,2,tackle,59
495,2,tackle,86
497,2,tackle,104
502,2,tackle,17
503,2,tackle,59
506,2,tackle,109
508,2,tackle,86
512,2,tackle,61
516,2,tackle,88
519,2,tackle,72
540,2,tackle,83
541,2,tackle,109
542,2,tackle,3
548,2,tackle,47
552,2,tackle,29
557,2,tackle,85
561,2,tackle,20
562,2,tackle,19
563,2,tackle,85
565,2,tackle,77
568,2,tackle,64
570,2,tackle,86
571,2,tackle,72
573,2,tackle,35
578,2,tackle,108
580,2,tackle,20
588,2,tackle,43
589,2,tackle,66
591,2,tackle,96
592,2,tackle,81
594,2,tackle,89
598,2,tackle,57
601,2,tackle,5
602,2,tackle,39
607,2,tackle,107
608,2,tackle,13
610,2,tackle,87
611,2,tackle,101
614,2,tackle,89
615,2,tackle,29
617,2,tackle,58
619,2,tackle,97
620,2,tackle,59
621,2,tackle,115
622,2,tackle,12
623,2,tackle,5
624,2,tackle,81
627,2,tackle,17
628,2,tackle,88
633,2,tackle,22
634,2,tackle,77
636,2,tackle,4
637,2,tackle,82
640,2,tackle,15
650,2,tackle,49
651,2,tackle,57
657,2,tackle,43
660,2,tackle,20
661,2,tackle,81
662,2,tackle,110
664,2,tackle,44
667,2,tackle,41
668,2,tackle,18
669,2,tackle,99
676,2,tackle,19
679,2,tackle,76
680,2,tackle,124
681,2,tackle,125
682,2,tackle,39
688,2,tackle,106
693,2,tackle,72
696,2,tackle,76
701,2,tackle,125
704,2,tackle,90
705,2,tackle,120
711,2,tackle,120
713,2,tackle,111
722,2,tackle,112
725,2,tackle,116
736,2,tackle,75
741,2,tackle,63
744,2,tackle,82
745,2,tackle,48
752,2,tackle,65
753,2,tackle,32
754,2,tackle,100
755,2,tackle,26
757,2,tackle,93
760,2,tackle,96
762,2,tackle,36
763,2,tackle,48
764,2,tackle,90
765,2,tackle,52
766,2,tackle,15
770,2,tackle,39
773,2,tackle,86
775,2,tackle,91
776,2,tackle,26
778,2,tackle,33
779,2,tackle,38
780,2,tackle,108
790,2,tackle,52
795,2,tackle,86
796,2,tackle,104
811,2,tackle,126
812,2,tackle,23
813,2,tackle,39
814,2,tackle,15
815,2,tackle,87
817,2,tackle,115
820,2,tackle,28
822,2,tackle,110
830,2,tackle,74
832,2,tackle,55
833,2,tackle,17
835,2,tackle,105
836,2,tackle,13
838,2,tackle,13
839,2,tackle,87
851,2,tackle,114
853,2,tackle,100
854,2,tackle,110
855,2,tackle,10
857,2,tackle,99
858,2,tackle,7
860,2,tackle,20
862,2,tackle,126
864,2,tackle,38
869,2,tackle,56
870,2,tackle,64
874,2,tackle,79
880,2,tackle,114
882,2,tackle,87
883,2,tackle,67
885,2,tackle,10
886,2,tackle,30
890,2,tackle,115
895,2,tackle,73
899,2,tackle,126
904,2,tackle,39
906,2,tackle,107
908,2,tackle,20
923,2,tackle,17
933,2,tackle,10
937,2,tackle,71
942,2,tackle,68
945,2,tackle,104
947,2,tackle,94
951,2,tackle,97
955,2,tackle,78
958,2,tackle,97
968,2,tackle,61
971,2,tackle,43
975,2,tackle,50
976,2,tackle,55
977,2,tackle,113
982,2,tackle,73
983,2,tackle,39
984,2,tackle,17
985,2,tackle,29
986,2,tackle,20
988,2,tackle,94
996,2,tackle,76
997,2,tackle,39
1000,2,tackle,83
1002,2,tackle,74
1005,2,tackle,104
1010,2,tackle,59
1016,2,tackle,86
1022,2,tackle,80
1023,2,tackle,56
1031,2,tackle,3
1033,2,tackle,23
1034,2,tackle,124
1035,2,tackle,125
1041,2,tackle,5
1042,2,tackle,68
1052,2,tackle,80
1053,2,tackle,6
1060,2,tackle,73
1071,2,tackle,97
1077,2,tackle,121
1081,2,tackle,93
1085,2,tackle,88
1090,2,tackle,64
1091,2,tackle,17
1093,2,tackle,23
1095,2,tackle,15
1098,2,tackle,81
1109,2,tackle,21
1110,2,tackle,12
1117,2,tackle,53
1128,2,tackle,100
1134,2,tackle,60
1143,2,tackle,115
1145,2,tackle,122
1146,2,tackle,122
1148,2,tackle,102
1149,2,tackle,81
1154,2,tackle,118
1157,2,tackle,49
1159,2,tackle,11
1168,2,tackle,117
1172,2,tackle,32
1173,2,tackle,88
1175,2,tackle,75
1183,2,tackle,77
1191,2,tackle,53
1206,2,tackle,117
1209,2,tackle,122
1211,2,tackle,71
1212,2,tackle,114
1213,2,tackle,117
1214,2,tackle,83
1215,2,tackle,56
1216,2,tackle,13
1220,2,tackle,31
1227,2,tackle,26
1228,2,tackle,62
1229,2,tackle,35
1230,2,tackle,89
1234,2,tackle,8
1235,2,tackle,107
1237,2,tackle,19
1238,2,tackle,122
1240,2,tackle,100
1244,2,tackle,24
1245,2,tackle,70
1246,2,tackle,41
1248,2,tackle,93
1249,2,tackle,8
1253,2,tackle,108
1254,2,tackle,20
1257,2,tackle,11
1270,2,tackle,108
1278,2,tackle,53
1285,2,tackle,17
1288,2,tackle,85
1292,2,tackle,38
1301,2,tackle,125
1302,2,tackle,101
1305,2,tackle,58
1306,2,tackle,53
1308,2,tackle,79
1310,2,tackle,12
1312,2,tackle,26
1313,2,tackle,17
1315,2,tackle,76
1322,2,tackle,52
1325,2,tackle,90
1329,2,tackle,91
1333,2,tackle,70
1340,2,tackle,79
1342,2,tackle,41
1344,2,tackle,53
1345,2,tackle,44
1346,2,tackle,100
1350,2,tackle,95
1351,2,tackle,37
1356,2,tackle,77
1359,2,tackle,57
1360,2,tackle,66
1362,2,tackle,43
1365,2,tackle,48
1366,2,tackle,42
1368,2,tackle,106
1371,2,tackle,79
1382,2,tackle,90
1383,2,tackle,126
1384,2,tackle,77
1387,2,tackle,55
1388,2,tackle,64
1397,2,tackle,29
1398,2,tackle,13
1401,2,tackle,7
1403,2,tackle,39
1404,2,tackle,16
1410,2,tackle,76
1411,2,tackle,86
1414,2,tackle,72
1417,2,tackle,72
1418,2,tackle,59
1421,2,tackle,72
1422,2,tackle,54
1423,2,tackle,64
1424,2,tackle,29
1429,2,tackle,88
1432,2,tackle,45
1434,2,tackle,106
1435,2,tackle,54
1436,2,tackle,80
1438,2,tackle,53
1441,2,tackle,96
1445,2,tackle,18
1446,2,tackle,102
1448,2,tackle,14
1449,2,tackle,20
1452,2,tackle,102
1456,2,tackle,122
1458,2,tackle,41
1460,2,tackle,37
1463,2,tackle,18
1466,2,tackle,94
1470,2,tackle,62
1471,2,tackle,3
1472,2,tackle,16
1474,2,tackle,70
1475,2,tackle,84
1476,2,tackle,28
1478,2,tackle,8
1481,2,tackle,6
1485,2,tackle,94
1489,2,tackle,82
1491,2,tackle,49
1492,2,tackle,62
1495,2,tackle,95
1497,2,tackle,84
1499,2,tackle,56
1505,2,tackle,19
1506,2,tackle,107
1511,2,tackle,37
1514,2,tackle,16
1517,2,tackle,52
1519,2,tackle,64
1530,2,tackle,63
1539,2,tackle,82
1541,2,tackle,95
1543,2,tackle,7
1554,2,tackle,73
1555,2,tackle,86
1559,2,tackle,73
1562,2,tackle,62
1566,2,tackle,15
1567,2,tackle,55
1585,2,tackle,30
1586,2,tackle,123
1588,2,tackle,117
1590,2,tackle,111
1591,2,tackle,41
1593,2,tackle,26
1594,2,tackle,13
1595,2,tackle,99
1599,2,tackle,20
1600,2,tackle,15
1601,2,tackle,55
1602,2,tackle,39
1605,2,tackle,16
1609,2,tackle,5
1610,2,tackle,19
1611,2,tackle,43
1616,2,tackle,76
1617,2,tackle,6
1619,2,tackle,3
1620,2,tackle,48
1626,2,tackle,70
1627,2,tackle,91
1629,2,tackle,29
1631,2,tackle,71
1641,2,tackle,49
1644,2,tackle,85
1647,2,tackle,86
1648,2,tackle,99
1649,2,tackle,91
1650,2,tackle,7
1651,2,tackle,96
1652,2,tackle,118
1655,2,tackle,8
1656,2,tackle,16
1657,2,tackle,101
1658,2,tackle,118
1666,2,tackle,66
1668,2,tackle,124
1669,2,tackle,20
1670,2,tackle,51
1671,2,tackle,63
1672,2,tackle,6
1676,2,tackle,28
1677,2,tackle,53
1679,2,tackle,111
1683,2,tackle,38
1686,2,tackle,117
1688,2,tackle,42
1692,2,tackle,82
1703,2,tackle,68
1706,2,tackle,27
1708,2,tackle,60
1711,2,tackle,24
1717,2,tackle,54
1719,2,tackle,25
1721,2,tackle,18
1738,2,tackle,32
1742,2,tackle,51
1744,2,tackle,75
1750,2,tackle,81
1758,2,tackle,19
1761,2,tackle,49
1765,2,tackle,12
1768,2,tackle,71
1771,2,tackle,88
1774,2,tackle,57
1775,2,tackle,75
1787,2,tackle,97
1788,2,tackle,107
1790,2,tackle,39
1791,2,tackle,93
1796,2,tackle,36
1804,2,tackle,45
1808,2,tackle,103
1810,2,tackle,60
1812,2,tackle,122
1813,2,tackle,35
1814,2,tackle,14
1816,2,tackle,52
1822,2,tackle,96
1825,2,tackle,103
1832,2,tackle,121
1835,2,tackle,26
1839,2,tackle,103
1842,2,tackle,106
1844,2,tackle,46
1847,2,tackle,23
1848,2,tackle,95
1849,2,tackle,96
1850,2,tackle,109
1851,2,tackle,55
1853,2,tackle,42
1860,2,tackle,48
1861,2,tackle,58
1862,2,tackle,112
1866,2,tackle,63
1867,2,tackle,100
1868,2,tackle,60
1874,2,tackle,50
1878,2,tackle,67
1879,2,tackle,44
1880,2,tackle,99
1881,2,tackle,99
1882,2,tackle,21
1884,2,tackle,96
1886,2,tackle,14
1887,2,tackle,45
1891,2,tackle,101
1899,2,tackle,15
1900,2,tackle,81
1901,2,tackle,49
1903,2,tackle,79
1908,2,tackle,77
1911,2,tackle,13
1915,2,tackle,101
1917,2,tackle,75
1919,2,tackle,101
1923,2,tackle,103
1925,2,tackle,63
1929,2,tackle,34
1932,2,tackle,104
1937,2,tackle,90
1938,2,tackle,33
1944,2,tackle,110
1945,2,tackle,41
1946,2,tackle,123
1951,2,tackle,113
1952,2,tackle,6
1957,2,tackle,102
1972,2,tackle,58
1977,2,tackle,102
1982,2,tackle,3
1983,2,tackle,11
1984,2,tackle,77
1985,2,tackle,9
1987,2,tackle,67
1988,2,tackle,30
1992,2,tackle,104
1995,2,tackle,37
1997,2,tackle,93
2003,2,tackle,44
2007,2,tackle,77
2008,2,tackle,22
2009,2,tackle,63
2011,2,tackle,95
2016,2,tackle,80
2022,2,tackle,34
2035,2,tackle,32
2040,2,tackle,61
2041,2,tackle,113
2051,2,tackle,112
2057,2,tackle,106
2059,2,tackle,81
2063,2,tackle,109
2068,2,tackle,8
2071,2,tackle,54
2073,2,tackle,114
2075,2,tackle,63
2078,2,tackle,103
2082,2,tackle,57
2085,2,tackle,93
2087,2,tackle,75
2090,2,tackle,4
2093,2,tackle,106
2099,2,tackle,40
2100,2,tackle,66
2106,2,tackle,32
2107,2,tackle,32
2108,2,tackle,126
2110,2,tackle,96
2111,2,tackle,18
2112,2,tackle,96
2113,2,tackle,93
2118,2,tackle,10
2120,2,tackle,98
2122,2,tackle,87
2128,2,tackle,47
2129,2,tackle,67
2133,2,tackle,109
2146,2,tackle,107
2147,2,tackle,52
2156,2,tackle,122
2160,2,tackle,35
2163,2,tackle,101
2165,2,tackle,72
2166,2,tackle,95
2168,2,tackle,119
2178,2,tackle,100
2181,2,tackle,113
2182,2,tackle,10
2183,2,tackle,124
2184,2,tackle,65
2188,2,tackle,65
2191,2,tackle,74
2195,2,tackle,20
2196,2,tackle,120
2198,2,tackle,14
2200,2,tackle,19
2211,2,tackle,69
2212,2,tackle,115
2213,2,tackle,20
2215,2,tackle,110
2216,2,tackle,67
2217,2,tackle,31
2219,2,tackle,123
2220,2,tackle,18
2221,2,tackle,19
2222,2,tackle,21
2227,2,tackle,38
2230,2,tackle,82
2232,2,tackle,70
2237,2,tackle,58
2239,2,tackle,110
2240,2,tackle,120
2242,2,tackle,43
2249,2,tackle,33
2253,2,tackle,33
2255,2,tackle,17
2257,2,tackle,110
2267,2,tackle,56
2274,2,tackle,70
2282,2,tackle,94
2283,2,tackle,87
2285,2,tackle,126
2291,2,tackle,42
2296,2,tackle,21
2303,2,tackle,71
2304,2,tackle,95
2305,2,tackle,98
2315,2,tackle,108
2316,2,tackle,117
2323,2,tackle,29
2326,2,tackle,71
2328,2,tackle,74
2330,2,tackle,81
2333,2,tackle,9
2343,2,tackle,67
2344,2,tackle,6
2352,2,tackle,123
2357,2,tackle,30
2358,2,tackle,31
2359,2,tackle,6
2361,2,tackle,37
2364,2,tackle,52
2365,2,tackle,98
2370,2,tackle,86
2371,2,tackle,99
2378,2,tackle,105
2380,2,tackle,54
2382,2,tackle,83
2385,2,tackle,76
2389,2,tackle,17
2391,2,tackle,30
2394,2,tackle,107
2399,2,tackle,11
2403,2,tackle,85
2409,2,tackle,103
2411,2,tackle,91
2414,2,tackle,99
2415,2,tackle,109
2417,2,tackle,42
2418,2,tackle,40
2423,2,tackle,35
2425,2,tackle,88
2426,2,tackle,96
2428,2,tackle,15
2429,2,tackle,26
2431,2,tackle,30
2433,2,tackle,79
2435,2,tackle,25
2436,2,tackle,115
2440,2,tackle,86
2445,2,tackle,35
2447,2,tackle,106
2450,2,tackle,50
2451,2,tackle,38
2455,2,tackle,6
2456,2,tackle,44
2457,2,tackle,53
2459,2,tackle,65
2460,2,tackle,84
2462,2,tackle,125
2463,2,tackle,39
2465,2,tackle,88
2466,2,tackle,67
2467,2,tackle,56
2469,2,tackle,98
2471,2,tackle,124
2472,2,tackle,6
2473,2,tackle,99
2475,2,tackle,65
2476,2,tackle,84
2485,2,tackle,11
2486,2,tackle,52
2488,2,tackle,53
2489,2,tackle,68
2491,2,tackle,97
2494,2,tackle,104
2495,2,tackle,20
2499,2,tackle,36
2500,2,tackle,120
2501,2,tackle,103
2502,2,tackle,72
2509,2,tackle,120
2511,2,tackle,66
2513,2,tackle,43
2516,2,tackle,110
2517,2,tackle,37
2521,2,tackle,40
2523,2,tackle,49
2524,2,tackle,14
2525,2,tackle,17
2529,2,tackle,68
2530,2,tackle,15
2531,2,tackle,60
2535,2,tackle,96
2536,2,tackle,76
2538,2,tackle,88
2539,2,tackle,30
2540,2,tackle,41
2541,2,tackle,75
2545,2,tackle,75
2548,2,tackle,84
2549,2,tackle,53
2550,2,tackle,75
2553,2,tackle,80
2556,2,tackle,76
2557,2,tackle,17
2561,2,tackle,82
2563,2,tackle,98
2564,2,tackle,121
2566,2,tackle,66
2568,2,tackle,117
2569,2,tackle,37
2570,2,tackle,104
2571,2,tackle,67
2574,2,tackle,66
2579,2,tackle,118
2586,2,tackle,59
2590,2,tackle,121
2591,2,tackle,114
2596,2,tackle,125
2599,2,tackle,54
2602,2,tackle,30
2603,2,tackle,114
2605,2,tackle,102
2608,2,tackle,43
2610,2,tackle,70
2611,2,tackle,16
2615,2,tackle,90
2616,2,tackle,42
2618,2,tackle,64
2625,2,tackle,82
2628,2,tackle,47
2630,2,tackle,79
2632,2,tackle,12
2635,2,tackle,59
2638,2,tackle,95
2647,2,tackle,19
2648,2,tackle,20
2656,2,tackle,8
2660,2,tackle,74
2664,2,tackle,36
2665,2,tackle,70
2666,2,tackle,72
2670,2,tackle,110
2676,2,tackle,66
2679,2,tackle,101
2682,2,tackle,111
2688,2,tackle,49
2696,2,tackle,12
2697,2,tackle,39
2698,2,tackle,71
2699,2,tackle,103
2700,2,tackle,118
2701,2,tackle,73
2708,2,tackle,24
2712,2,tackle,57
2713,2,tackle,8
2717,2,tackle,48
2719,2,tackle,68
2721,2,tackle,93
2725,2,tackle,86
2743,2,tackle,124
2744,2,tackle,22
2745,2,tackle,82
2746,2,tackle,85
2749,2,tackle,119
2751,2,tackle,92
2752,2,tackle,62
2756,2,tackle,57
2757,2,tackle,62
2760,2,tackle,107
2762,2,tackle,37
2784,2,tackle,38
2788,2,tackle,8
2791,2,tackle,113
2792,2,tackle,12
2794,2,tackle,110
2796,2,tackle,22
2799,2,tackle,15
2800,2,tackle,11
2805,2,tackle,73
2806,2,tackle,30
2808,2,tackle,86
2809,2,tackle,5
2811,2,tackle,58
2813,2,tackle,67
2815,2,tackle,107
2822,2,tackle,53
2824,2,tackle,51
2825,2,tackle,53
2828,2,tackle,92
2832,2,tackle,4
2833,2,tackle,65
2835,2,tackle,64
2837,2,tackle,38
2844,2,tackle,81
2847,2,tackle,84
2852,2,tackle,3
2857,2,tackle,83
2862,2,tackle,63
2866,2,tackle,45
2870,2,tackle,45
2877,2,tackle,109
2879,2,tackle,42
2885,2,tackle,60
2886,2,tackle,46
2887,2,tackle,53
2890,2,tackle,114
2893,2,tackle,64
2894,2,tackle,53
2898,2,tackle,74
2899,2,tackle,9
2902,2,tackle,87
2906,2,tackle,41
2911,2,tackle,60
2913,2,tackle,73
2916,2,tackle,61
2919,2,tackle,77
2925,2,tackle,124
2928,2,tackle,90
2932,2,tackle,32
2933,2,tackle,113
2939,2,tackle,6
2941,2,tackle,10
2942,2,tackle,110
2944,2,tackle,25
2945,2,tackle,112
2949,2,tackle,78
2950,2,tackle,48
2953,2,tackle,31
2958,2,tackle,93
2959,2,tackle,3
2963,2,tackle,9
2965,2,tackle,96
2968,2,tackle,65
2971,2,tackle,33
2972,2,tackle,60
2975,2,tackle,124
2977,2,tackle,69
2978,2,tackle,82
2981,2,tackle,12
2983,2,tackle,48
2985,2,tackle,91
2987,2,tackle,123
2989,2,tackle,100
2991,2,tackle,67
2994,2,tackle,109
2995,2,tackle,9
2998,2,tackle,75
3007,2,tackle,45
3009,2,tackle,47
3010,2,tackle,9
3012,2,tackle,122
3013,2,tackle,44
3014,2,tackle,35
3017,2,tackle,14
3021,2,tackle,15
3022,2,tackle,116
3023,2,tackle,73
3025,2,tackle,35
3026,2,tackle,109
3027,2,tackle,53
3029,2,tackle,120
3030,2,tackle,10
3036,2,tackle,117
3037,2,tackle,118
3044,2,tackle,14
3045,2,tackle,56
3049,2,tackle,122
3051,2,tackle,31
3055,2,tackle,17
3059,2,tackle,59
3062,2,tackle,56
3064,2,tackle,99
3069,2,tackle,9
3071,2,tackle,100
3074,2,tackle,121
3076,2,tackle,49
3078,2,tackle,12
3079,2,tackle,90
3083,2,tackle,117
3092,2,tackle,35
3093,2,tackle,63
3095,2,tackle,107
3096,2,tackle,56
3097,2,tackle,35
3107,2,tackle,24
3110,2,tackle,5
3111,2,tackle,3
3116,2,tackle,15
3121,2,tackle,29
3122,2,tackle,79
3123,2,tackle,56
3124,2,tackle,121
3132,2,tackle,98
3136,2,tackle,32
3140,2,tackle,126
3141,2,tackle,79
3148,2,tackle,41
3150,2,tackle,61
3152,2,tackle,87
3156,2,tackle,32
3162,2,tackle,96
3164,2,tackle,20
3166,2,tackle,80
3169,2,tackle,70
3170,2,tackle,81
3175,2,tackle,32
3178,2,tackle,26
3179,2,tackle,33
3180,2,tackle,11
3181,2,tackle,46
3183,2,tackle,46
3188,2,tackle,73
3189,2,tackle,93
3190,2,tackle,118
3191,2,tackle,11
3194,2,tackle,117
3200,2,tackle,99
3201,2,tackle,38
3203,2,tackle,71
3206,2,tackle,81
3207,2,tackle,86
3210,2,tackle,77
3214,2,tackle,30
3216,2,tackle,51
3217,2,tackle,45
3222,2,tackle,90
3223,2,tackle,99
3227,2,tackle,90
3228,2,tackle,31
3229,2,tackle,6
3232,2,tackle,58
3234,2,tackle,105
3235,2,tackle,60
3236,2,tackle,30
3238,2,tackle,107
3245,2,tackle,92
3246,2,tackle,94
3252,2,tackle,72
3253,2,tackle,113
3259,2,tackle,46
3260,2,tackle,20
3261,2,tackle,56
3265,2,tackle,100
3267,2,tackle,104
3269,2,tackle,85
3270,2,tackle,82
3272,2,tackle,126
3279,2,tackle,120
3282,2,tackle,19
3285,2,tackle,17
3286,2,tackle,68
3291,2,tackle,40
3294,2,tackle,40
3295,2,tackle,72
3301,2,tackle,60
3304,2,tackle,54
3305,2,tackle,62
3306,2,tackle,79
3308,2,tackle,31
3312,2,tackle,45
3316,2,tackle,45
3317,2,tackle,78
3318,2,tackle,30
3319,2,tackle,91
3320,2,tackle,85
3322,2,tackle,91
3324,2,tackle,63
3325,2,tackle,68
3327,2,tackle,109
3328,2,tackle,89
3330,2,tackle,56
3333,2,tackle,41
3338,2,tackle,93
3339,2,tackle,41
3343,2,tackle,95
3344,2,tackle,96
3346,2,tackle,109
3349,2,tackle,109
3351,2,tackle,118
3355,2,tackle,60
3360,2,tackle,44
3374,2,tackle,122
3376,2,tackle,114
3379,2,tackle,59
3380,2,tackle,111
3383,2,tackle,82
3385,2,tackle,60
3389,2,tackle,116
3392,2,tackle,99
3394,2,tackle,119
3395,2,tackle,88
3396,2,tackle,80
3400,2,tackle,88
3401,2,tackle,126
3403,2,tackle,121
3405,2,tackle,59
3411,2,tackle,113
3412,2,tackle,55
3415,2,tackle,61
3418,2,tackle,102
3422,2,tackle,82
3425,2,tackle,21
3432,2,tackle,106
3437,2,tackle,47
3439,2,tackle,32
3445,2,tackle,54
3446,2,tackle,17
3447,2,tackle,99
3449,2,tackle,10
3450,2,tackle,125
3452,2,tackle,17
3454,2,tackle,54
3456,2,tackle,39
3457,2,tackle,98
3459,2,tackle,96
3461,2,tackle,64
3462,2,tackle,74
3463,2,tackle,125
3464,2,tackle,31
3469,2,tackle,20
3474,2,tackle,76
3477,2,tackle,74
3478,2,tackle,109
3480,2,tackle,103
3483,2,tackle,116
3498,2,tackle,57
3501,2,tackle,118
3503,2,tackle,54
3506,2,tackle,103
3508,2,tackle,65
3509,2,tackle,42
3511,2,tackle,73
3512,2,tackle,5
3516,2,tackle,101
3517,2,tackle,57
3520,2,tackle,99
3522,2,tackle,76
3525,2,tackle,12
3530,2,tackle,117
3533,2,tackle,63
3534,2,tackle,64
3537,2,tackle,107
3538,2,tackle,71
3545,2,tackle,124
3548,2,tackle,107
3552,2,tackle,56
3556,2,tackle,80
3557,2,tackle,88
3558,2,tackle,98
3560,2,tackle,79
3566,2,tackle,95
3568,2,tackle,15
3569,2,tackle,47
3570,2,tackle,126
3571,2,tackle,49
3574,2,tackle,79
3575,2,tackle,119
3578,2,tackle,58
3579,2,tackle,37
3580,2,tackle,18
3581,2,tackle,112
3585,2,tackle,29
3587,2,tackle,82
3588,2,tackle,121
3597,2,tackle,93
3599,2,tackle,80
3602,2,tackle,124
3603,2,tackle,87
3608,2,tackle,70
3610,2,tackle,29
3613,2,tackle,35
3614,2,tackle,3
3615,2,tackle,123
3620,2,tackle,107
3627,2,tackle,33
3630,2,tackle,83
3635,2,tackle,8
3640,2,tackle,110
3648,2,tackle,65
3656,2,tackle,55
3657,2,tackle,54
3658,2,tackle,110
3664,2,tackle,99
3665,2,tackle,38
3670,2,tackle,99
3672,2,tackle,79
3677,2,tackle,69
3678,2,tackle,86
3681,2,tackle,26
3685,2,tackle,112
3686,2,tackle,27
3688,2,tackle,123
3690,2,tackle,41
3693,2,tackle,65
3697,2,tackle,61
3698,2,tackle,92
3699,2,tackle,66
3700,2,tackle,67
3705,2,tackle,14
3706,2,tackle,46
3710,2,tackle,56
3711,2,tackle,125
3712,2,tackle,93
3713,2,tackle,24
3714,2,tackle,109
3715,2,tackle,76
3717,2,tackle,35
3720,2,tackle,126
3725,2,tackle,46
3737,2,tackle,75
3738,2,tackle,113
3740,2,tackle,118
3744,2,tackle,5
3758,2,tackle,93
3760,2,tackle,15
3764,2,tackle,8
3767,2,tackle,96
3769,2,tackle,62
3773,2,tackle,22
3778,2,tackle,105
3782,2,tackle,94
3783,2,tackle,36
3793,2,tackle,100
3795,2,tackle,108
3796,2,tackle,34
3801,2,tackle,71
3802,2,tackle,91
3803,2,tackle,97
3809,2,tackle,108
3813,2,tackle,78
3818,2,tackle,113
3821,2,tackle,56
3823,2,tackle,109
3829,2,tackle,52
3830,2,tackle,103
3832,2,tackle,38
3833,2,tackle,62
3834,2,tackle,95
3838,2,tackle,77
3840,2,tackle,13
3842,2,tackle,103
3843,2,tackle,89
3845,2,tackle,92
3848,2,tackle,71
3850,2,tackle,122
3854,2,tackle,87
3855,2,tackle,9
3857,2,tackle,24
3859,2,tackle,11
3860,2,tackle,44
3864,2,tackle,8
3866,2,tackle,13
3867,2,tackle,72
3873,2,tackle,33
3874,2,tackle,53
3875,2,tackle,32
3879,2,tackle,12
3889,2,tackle,55
3890,2,tackle,110
3896,2,tackle,12
3901,2,tackle,14
3903,2,tackle,68
3904,2,tackle,51
3906,2,tackle,80
3909,2,tackle,14
3910,2,tackle,4
3912,2,tackle,112
3913,2,tackle,43
3914,2,tackle,119
3921,2,tackle,110
3923,2,tackle,39
3926,2,tackle,4
3928,2,tackle,78
3931,2,tackle,45
3934,2,tackle,89
3939,2,tackle,60
3940,2,tackle,55
3941,2,tackle,95
3944,2,tackle,79
3945,2,tackle,76
3946,2,tackle,43
3948,2,tackle,48
3951,2,tackle,81
3958,2,tackle,71
3959,2,tackle,118
3963,2,tackle,85
3967,2,tackle,52
3968,2,tackle,50
3971,2,tackle,117
3976,2,tackle,78
3979,2,tackle,106
3980,2,tackle,34
3984,2,tackle,59
3988,2,tackle,37
3993,2,tackle,77
4000,2,tackle,20
4006,2,tackle,100
4009,2,tackle,116
4013,2,tackle,11
4015,2,tackle,36
4016,2,tackle,62
4026,2,tackle,111
4031,2,tackle,50
4035,2,tackle,55
4037,2,tackle,32
4039,2,tackle,97
4042,2,tackle,96
4044,2,tackle,122
4047,2,tackle,69
4051,2,tackle,110
4053,2,tackle,53
4054,2,tackle,54
4057,2,tackle,22
4062,2,tackle,40
4063,2,tackle,115
4069,2,tackle,103
4072,2,tackle,109
4074,2,tackle,116
4076,2,tackle,110
4082,2,tackle,47
4091,2,tackle,92
4097,2,tackle,81
4098,2,tackle,108
4102,2,tackle,3
4104,2,tackle,54
4106,2,tackle,16
4112,2,tackle,34
4114,2,tackle,123
4116,2,tackle,86
4132,2,tackle,10
4140,2,tackle,94
4141,2,tackle,95
4143,2,tackle,92
4157,2,tackle,115
4158,2,tackle,55
4162,2,tackle,113
4165,2,tackle,117
4173,2,tackle,66
4175,2,tackle,54
4176,2,tackle,69
4177,2,tackle,104
4179,2,tackle,120
4183,2,tackle,36
4184,2,tackle,96
4185,2,tackle,39
4187,2,tackle,16
4192,2,tackle,60
4198,2,tackle,23
4201,2,tackle,45
4202,2,tackle,117
4208,2,tackle,29
4217,2,tackle,17
4221,2,tackle,114
4223,2,tackle,80
4231,2,tackle,89
4236,2,tackle,54
4242,2,tackle,51
4243,2,tackle,117
4245,2,tackle,32
4247,2,tackle,18
4250,2,tackle,11
4252,2,tackle,103
4258,2,tackle,66
4260,2,tackle,125
4263,2,tackle,10
4268,2,tackle,23
4269,2,tackle,93
4275,2,tackle,52
4279,2,tackle,79
4284,2,tackle,104
4285,2,tackle,76
4289,2,tackle,87
4295,2,tackle,29
4297,2,tackle,111
4300,2,tackle,15
4302,2,tackle,103
4303,2,tackle,89
4305,2,tackle,55
4306,2,tackle,110
4308,2,tackle,85
4312,2,tackle,87
4327,2,tackle,61
4333,2,tackle,98
4335,2,tackle,72
4342,2,tackle,60
4345,2,tackle,83
4348,2,tackle,112
4352,2,tackle,124
4357,2,tackle,4
4359,2,tackle,61
4360,2,tackle,21
4369,2,tackle,25
4372,2,tackle,71
4375,2,tackle,117
4378,2,tackle,65
4381,2,tackle,8
4382,2,tackle,9
4384,2,tackle,51
4392,2,tackle,16
4394,2,tackle,32
4398,2,tackle,57
4400,2,tackle,64
4401,2,tackle,107
4403,2,tackle,44
4406,2,tackle,81
4407,2,tackle,116
4409,2,tackle,57
4415,2,tackle,112
4418,2,tackle,25
4419,2,tackle,46
4421,2,tackle,89
4426,2,tackle,118
4428,2,tackle,96
4431,2,tackle,44
4434,2,tackle,32
4438,2,tackle,82
4441,2,tackle,122
4443,2,tackle,114
4447,2,tackle,98
4450,2,tackle,33
4451,2,tackle,53
4456,2,tackle,77
4457,2,tackle,124
4461,2,tackle,90
4472,2,tackle,14
4481,2,tackle,44
4488,2,tackle,27
4494,2,tackle,121
4503,2,tackle,73
4510,2,tackle,46
4513,2,tackle,91
4514,2,tackle,20
4517,2,tackle,125
4519,2,tackle,88
4520,2,tackle,25
4524,2,tackle,89
4529,2,tackle,35
4530,2,tackle,112
4535,2,tackle,38
4538,2,tackle,39
4540,2,tackle,82
4545,2,tackle,96
4548,2,tackle,81
4550,2,tackle,50
4559,2,tackle,83
4561,2,tackle,124
4566,2,tackle,40
4571,2,tackle,96
4572,2,tackle,84
4576,2,tackle,14
4577,2,tackle,33
4578,2,tackle,3
4580,2,tackle,50
4586,2,tackle,97
4587,2,tackle,123
4589,2,tackle,29
4590,2,tackle,59
4599,2,tackle,69
4601,2,tackle,9
4604,2,tackle,16
4605,2,tackle,77
4608,2,tackle,6
4611,2,tackle,6
4612,2,tackle,124
4620,2,tackle,118
4621,2,tackle,117
4623,2,tackle,12
4624,2,tackle,93
4626,2,tackle,27
4627,2,tackle,17
4629,2,tackle,111
4630,2,tackle,62
4631,2,tackle,52
4635,2,tackle,7
4639,2,tackle,4
4640,2,tackle,29
4641,2,tackle,8
4643,2,tackle,73
5,2,tackle,131
6,2,tackle,130
7,2,tackle,85
8,2,tackle,86
10,2,tackle,106
12,2,tackle,100
13,2,tackle,110
14,2,tackle,92
17,2,tackle,133
18,2,tackle,102
33,2,tackle,88
34,2,tackle,82
35,2,tackle,90
37,2,tackle,119
38,2,tackle,94
39,2,tackle,122
40,2,tackle,84
43,2,tackle,92
48,2,tackle,94
56,2,tackle,133
61,2,tackle,79
65,2,tackle,124
66,2,tackle,94
67,2,tackle,117
74,2,tackle,105
81,2,tackle,106
86,2,tackle,123
92,2,tackle,130
94,2,tackle,86
95,2,tackle,126
98,2,tackle,96
102,2,tackle,112
115,2,tackle,112
116,2,tackle,120
120,2,tackle,89
129,2,tackle,129
132,2,tackle,116
133,2,tackle,105
144,2,tackle,126
145,2,tackle,107
150,2,tackle,95
151,2,tackle,85
158,2,tackle,133
160,2,tackle,112
162,2,tackle,80
166,2,tackle,82
174,2,tackle,84
175,2,tackle,116
179,2,tackle,112
182,2,tackle,91
183,2,tackle,127
189,2,tackle,81
193,2,tackle,123
194,2,tackle,83
198,2,tackle,125
203,2,tackle,103
210,2,tackle,101
213,2,tackle,89
215,2,tackle,91
219,2,tackle,95
224,2,tackle,102
225,2,tackle,132
231,2,tackle,120
234,2,tackle,107
235,2,tackle,104
241,2,tackle,111
242,2,tackle,100
243,2,tackle,86
248,2,tackle,123
250,2,tackle,101
251,2,tackle,93
252,2,tackle,101
255,2,tackle,91
261,2,tackle,113
265,2,tackle,111
267,2,tackle,86
270,2,tackle,130
271,2,tackle,84
274,2,tackle,132
275,2,tackle,121
277,2,tackle,121
279,2,tackle,91
280,2,tackle,109
286,2,tackle,116
289,2,tackle,84
293,2,tackle,96
297,2,tackle,102
303,2,tackle,132
304,2,tackle,106
306,2,tackle,98
309,2,tackle,123
311,2,tackle,129
313,2,tackle,95
316,2,tackle,97
318,2,tackle,107
319,2,tackle,103
323,2,tackle,114
324,2,tackle,129
329,2,tackle,118
331,2,tackle,86
335,2,tackle,128
336,2,tackle,88
338,2,tackle,89
339,2,tackle,112
340,2,tackle,114
341,2,tackle,116
362,2,tackle,99
363,2,tackle,114
367,2,tackle,123
369,2,tackle,127
371,2,tackle,109
373,2,tackle,92
379,2,tackle,119
381,2,tackle,114
383,2,tackle,86
386,2,tackle,130
392,2,tackle,118
394,2,tackle,87
396,2,tackle,118
400,2,tackle,83
403,2,tackle,94
406,2,tackle,88
409,2,tackle,120
410,2,tackle,82
411,2,tackle,92
414,2,tackle,85
415,2,tackle,123
417,2,tackle,103
422,2,tackle,102
424,2,tackle,98
426,2,tackle,121
431,2,tackle,122
432,2,tackle,105
434,2,tackle,84
437,2,tackle,126
440,2,tackle,86
442,2,tackle,118
444,2,tackle,92
446,2,tackle,89
447,2,tackle,90
449,2,tackle,123
452,2,tackle,129
453,2,tackle,110
458,2,tackle,126
462,2,tackle,133
463,2,tackle,116
466,2,tackle,119
472,2,tackle,114
476,2,tackle,88
477,2,tackle,84
493,2,tackle,128
495,2,tackle,82
499,2,tackle,99
504,2,tackle,127
505,2,tackle,127
518,2,tackle,131
520,2,tackle,129
521,2,tackle,124
526,2,tackle,101
530,2,tackle,123
537,2,tackle,99
538,2,tackle,90
539,2,tackle,123
541,2,tackle,86
544,2,tackle,109
545,2,tackle,128
546,2,tackle,99
548,2,tackle,127
549,2,tackle,119
559,2,tackle,133
563,2,tackle,105
565,2,tackle,131
567,2,tackle,88
569,2,tackle,81
571,2,tackle,127
580,2,tackle,92
581,2,tackle,132
588,2,tackle,125
591,2,tackle,130
592,2,tackle,82
593,2,tackle,97
594,2,tackle,104
595,2,tackle,124
597,2,tackle,84
601,2,tackle,102
607,2,tackle,126
612,2,tackle,95
618,2,tackle,90
619,2,tackle,96
624,2,tackle,95
630,2,tackle,84
632,2,tackle,92
633,2,tackle,112
636,2,tackle,91
638,2,tackle,106
643,2,tackle,97
649,2,tackle,105
650,2,tackle,116
655,2,tackle,82
658,2,tackle,113
659,2,tackle,116
662,2,tackle,107
664,2,tackle,119
667,2,tackle,125
668,2,tackle,115
669,2,tackle,132
670,2,tackle,118
672,2,tackle,90
673,2,tackle,133
674,2,tackle,94
680,2,tackle,91
685,2,tackle,117
686,2,tackle,89
694,2,tackle,120
695,2,tackle,119
697,2,tackle,84
700,2,tackle,109
701,2,tackle,79
706,2,tackle,132
707,2,tackle,105
713,2,tackle,124
715,2,tackle,131
720,2,tackle,84
722,2,tackle,82
723,2,tackle,108
724,2,tackle,95
731,2,tackle,88
736,2,tackle,123
741,2,tackle,100
742,2,tackle,94
746,2,tackle,101
751,2,tackle,91
753,2,tackle,115
754,2,tackle,83
755,2,tackle,119
759,2,tackle,99
763,2,tackle,103
764,2,tackle,115
766,2,tackle,117
771,2,tackle,103
772,2,tackle,79
777,2,tackle,80
783,2,tackle,129
785,2,tackle,81
786,2,tackle,119
792,2,tackle,104
794,2,tackle,133
797,2,tackle,121
807,2,tackle,95
822,2,tackle,105
825,2,tackle,115
828,2,tackle,126
831,2,tackle,132
834,2,tackle,99
836,2,tackle,118
837,2,tackle,127
839,2,tackle,131
846,2,tackle,104
848,2,tackle,81
849,2,tackle,111
854,2,tackle,132
868,2,tackle,107
874,2,tackle,103
877,2,tackle,95
879,2,tackle,84
883,2,tackle,116
887,2,tackle,107
889,2,tackle,93
891,2,tackle,132
894,2,tackle,82
898,2,tackle,91
901,2,tackle,111
903,2,tackle,88
904,2,tackle,102
908,2,tackle,87
916,2,tackle,133
917,2,tackle,83
919,2,tackle,121
922,2,tackle,81
924,2,tackle,88
933,2,tackle,128
934,2,tackle,128
936,2,tackle,82
938,2,tackle,99
942,2,tackle,133
945,2,tackle,90
946,2,tackle,84
948,2,tackle,131
950,2,tackle,129
952,2,tackle,123
954,2,tackle,81
959,2,tackle,112
960,2,tackle,86
963,2,tackle,97
964,2,tackle,79
968,2,tackle,94
973,2,tackle,108
975,2,tackle,83
979,2,tackle,86
980,2,tackle,94
981,2,tackle,120
983,2,tackle,114
984,2,tackle,126
985,2,tackle,128
987,2,tackle,130
989,2,tackle,117
990,2,tackle,87
997,2,tackle,80
1000,2,tackle,122
1002,2,tackle,132
1004,2,tackle,114
1008,2,tackle,99
1009,2,tackle,128
1011,2,tackle,128
1017,2,tackle,80
1020,2,tackle,114
1022,2,tackle,112
1023,2,tackle,121
1025,2,tackle,110
1027,2,tackle,106
1030,2,tackle,126
1031,2,tackle,112
1034,2,tackle,112
1037,2,tackle,101
1038,2,tackle,121
1040,2,tackle,117
1043,2,tackle,94
1045,2,tackle,123
1046,2,tackle,132
1047,2,tackle,86
1048,2,tackle,97
1052,2,tackle,110
1053,2,tackle,112
1056,2,tackle,129
1063,2,tackle,100
1065,2,tackle,95
1068,2,tackle,89
1070,2,tackle,126
1076,2,tackle,91
1078,2,tackle,120
1080,2,tackle,91
1086,2,tackle,99
1088,2,tackle,91
1090,2,tackle,117
1092,2,tackle,88
1094,2,tackle,91
1095,2,tackle,130
1099,2,tackle,125
1105,2,tackle,98
1110,2,tackle,132
1113,2,tackle,126
1117,2,tackle,113
1119,2,tackle,100
1121,2,tackle,104
1123,2,tackle,123
1125,2,tackle,127
1130,2,tackle,108
1134,2,tackle,123
1137,2,tackle,84
1138,2,tackle,80
1140,2,tackle,121
1142,2,tackle,115
1147,2,tackle,111
1158,2,tackle,128
1165,2,tackle,105
1167,2,tackle,132
1169,2,tackle,123
1171,2,tackle,94
1173,2,tackle,90
1174,2,tackle,81
1177,2,tackle,102
1179,2,tackle,113
1180,2,tackle,79
1190,2,tackle,126
1192,2,tackle,115
1199,2,tackle,94
1200,2,tackle,96
1201,2,tackle,121
1206,2,tackle,82
1208,2,tackle,89
1216,2,tackle,127
1217,2,tackle,95
1218,2,tackle,105
1220,2,tackle,95
1227,2,tackle,118
1229,2,tackle,95
1230,2,tackle,121
1231,2,tackle,83
1236,2,tackle,93
1237,2,tackle,89
1239,2,tackle,103
1247,2,tackle,85
1251,2,tackle,121
1258,2,tackle,106
1259,2,tackle,120
1260,2,tackle,110
1262,2,tackle,101
1263,2,tackle,90
1264,2,tackle,106
1267,2,tackle,92
1268,2,tackle,129
1269,2,tackle,123
1271,2,tackle,93
1273,2,tackle,82
1276,2,tackle,87
1279,2,tackle,120
1280,2,tackle,88
1282,2,tackle,118
1284,2,tackle,112
1287,2,tackle,91
1288,2,tackle,126
1289,2,tackle,126
1291,2,tackle,105
1295,2,tackle,133
1297,2,tackle,127
1300,2,tackle,93
1302,2,tackle,133
1303,2,tackle,117
1304,2,tackle,92
1306,2,tackle,99
1316,2,tackle,117
1320,2,tackle,100
1322,2,tackle,99
1323,2,tackle,96
1326,2,tackle,132
1328,2,tackle,109
1329,2,tackle,133
1332,2,tackle,103
1341,2,tackle,88
1342,2,tackle,99
1344,2,tackle,79
1350,2,tackle,122
1353,2,tackle,113
1355,2,tackle,115
1358,2,tackle,85
1360,2,tackle,118
1362,2,tackle,121
1373,2,tackle,94
1375,2,tackle,132
1377,2,tackle,121
1382,2,tackle,103
1386,2,tackle,100
1393,2,tackle,82
1394,2,tackle,103
1398,2,tackle,99
1403,2,tackle,116
1404,2,tackle,101
1408,2,tackle,122
1410,2,tackle,131
1412,2,tackle,112
1416,2,tackle,132
1417,2,tackle,113
1419,2,tackle,128
1421,2,tackle,109
1426,2,tackle,95
1427,2,tackle,98
1430,2,tackle,131
1431,2,tackle,131
1433,2,tackle,111
1436,2,tackle,81
1443,2,tackle,132
1444,2,tackle,99
1451,2,tackle,107
1453,2,tackle,119
1455,2,tackle,79
1457,2,tackle,80
1459,2,tackle,99
1460,2,tackle,87
1462,2,tackle,97
1464,2,tackle,131
1467,2,tackle,107
1469,2,tackle,105
1471,2,tackle,102
1473,2,tackle,111
1478,2,tackle,123
1479,2,tackle,84
1482,2,tackle,123
1491,2,tackle,81
1493,2,tackle,121
1495,2,tackle,109
1496,2,tackle,124
1501,2,tackle,117
1503,2,tackle,108
1504,2,tackle,129
1505,2,tackle,84
1506,2,tackle,87
1512,2,tackle,126
1516,2,tackle,105
1518,2,tackle,81
1520,2,tackle,83
1526,2,tackle,98
1535,2,tackle,92
1537,2,tackle,82
1546,2,tackle,111
1549,2,tackle,97
1550,2,tackle,101
1551,2,tackle,99
1552,2,tackle,131
1554,2,tackle,125
1555,2,tackle,85
1558,2,tackle,118
1560,2,tackle,81
1562,2,tackle,97
1563,2,tackle,120
1565,2,tackle,123
1567,2,tackle,91
1568,2,tackle,101
1569,2,tackle,126
1573,2,tackle,100
1574,2,tackle,104
1588,2,tackle,82
1589,2,tackle,84
1590,2,tackle,84
1593,2,tackle,133
1596,2,tackle,80
1599,2,tackle,82
1600,2,tackle,81
1605,2,tackle,117
1606,2,tackle,113
1607,2,tackle,114
1611,2,tackle,119
1617,2,tackle,131
1621,2,tackle,112
1624,2,tackle,130
1627,2,tackle,91
1629,2,tackle,130
1631,2,tackle,114
1635,2,tackle,101
1636,2,tackle,79
1637,2,tackle,88
1644,2,tackle,87
1647,2,tackle,111
1650,2,tackle,132
1652,2,tackle,92
1657,2,tackle,117
1660,2,tackle,93
1661,2,tackle,81
1662,2,tackle,85
1663,2,tackle,118
1667,2,tackle,113
1668,2,tackle,121
1669,2,tackle,130
1671,2,tackle,101
1673,2,tackle,93
1675,2,tackle,84
1677,2,tackle,125
1679,2,tackle,130
1680,2,tackle,109
1683,2,tackle,81
1690,2,tackle,119
1691,2,tackle,119
1693,2,tackle,104
1694,2,tackle,124
1696,2,tackle,125
1701,2,tackle,88
1704,2,tackle,80
1707,2,tackle,113
1709,2,tackle,110
1716,2,tackle,114
1717,2,tackle,81
1719,2,tackle,132
1720,2,tackle,94
1723,2,tackle,85
1731,2,tackle,106
1732,2,tackle,86
1735,2,tackle,91
1743,2,tackle,95
1744,2,tackle,92
1746,2,tackle,132
1750,2,tackle,97
1751,2,tackle,112
1753,2,tackle,89
1754,2,tackle,97
1756,2,tackle,131
1758,2,tackle,124
1759,2,tackle,81
1765,2,tackle,114
1767,2,tackle,90
1769,2,tackle,87
1773,2,tackle,132
1774,2,tackle,111
1776,2,tackle,121
1777,2,tackle,130
1783,2,tackle,84
1784,2,tackle,121
1786,2,tackle,133
1789,2,tackle,85
1792,2,tackle,90
1800,2,tackle,98
1801,2,tackle,132
1807,2,tackle,104
1811,2,tackle,79
1813,2,tackle,123
1815,2,tackle,122
1816,2,tackle,95
1817,2,tackle,113
1819,2,tackle,83
1821,2,tackle,87
1826,2,tackle,104
1831,2,tackle,121
1832,2,tackle,107
1834,2,tackle,123
1836,2,tackle,128
1838,2,tackle,132
1840,2,tackle,118
1843,2,tackle,98
1845,2,tackle,124
1847,2,tackle,84
1852,2,tackle,80
1854,2,tackle,105
1855,2,tackle,110
1861,2,tackle,114
1866,2,tackle,126
1867,2,tackle,113
1869,2,tackle,96
1870,2,tackle,112
1872,2,tackle,120
1873,2,tackle,107
1874,2,tackle,123
1876,2,tackle,97
1877,2,tackle,92
1880,2,tackle,95
1883,2,tackle,132
1885,2,tackle,127
1892,2,tackle,102
1893,2,tackle,106
1895,2,tackle,103
1899,2,tackle,110
1903,2,tackle,94
1907,2,tackle,128
1908,2,tackle,98
1910,2,tackle,112
1911,2,tackle,103
1916,2,tackle,106
1917,2,tackle,132
1918,2,tackle,124
1919,2,tackle,84
1922,2,tackle,126
1925,2,tackle,113
1927,2,tackle,107
1932,2,tackle,126
1933,2,tackle,120
1937,2,tackle,89
1939,2,tackle,111
1942,2,tackle,91
1954,2,tackle,104
1957,2,tackle,106
1959,2,tackle,90
1966,2,tackle,108
1967,2,tackle,122
1968,2,tackle,115
1970,2,tackle,126
1972,2,tackle,95
1973,2,tackle,97
1975,2,tackle,123
1976,2,tackle,104
1980,2,tackle,96
1990,2,tackle,122
2010,2,tackle,107
2020,2,tackle,125
2026,2,tackle,111
2029,2,tackle,93
2030,2,tackle,124
2040,2,tackle,101
2041,2,tackle,88
2053,2,tackle,122
2063,2,tackle,104
2065,2,tackle,106
2066,2,tackle,118
2072,2,tackle,92
2074,2,tackle,109
2075,2,tackle,128
2078,2,tackle,118
2087,2,tackle,133
2090,2,tackle,95
2092,2,tackle,105
2093,2,tackle,86
2095,2,tackle,121
2096,2,tackle,91
2097,2,tackle,81
2098,2,tackle,88
2101,2,tackle,131
2102,2,tackle,105
2104,2,tackle,92
2105,2,tackle,104
2106,2,tackle,89
2107,2,tackle,97
2111,2,tackle,126
2115,2,tackle,101
2116,2,tackle,116
2117,2,tackle,79
2120,2,tackle,133
2125,2,tackle,122
2126,2,tackle,104
2132,2,tackle,104
2135,2,tackle,80
2136,2,tackle,92
2139,2,tackle,114
2142,2,tackle,128
2156,2,tackle,102
2158,2,tackle,94
2162,2,tackle,105
2165,2,tackle,106
2171,2,tackle,107
2177,2,tackle,129
2181,2,tackle,130
2182,2,tackle,87
2183,2,tackle,125
2184,2,tackle,111
2185,2,tackle,90
2193,2,tackle,114
2198,2,tackle,92
2200,2,tackle,86
2201,2,tackle,92
2206,2,tackle,104
2208,2,tackle,86
2209,2,tackle,107
2212,2,tackle,105
2219,2,tackle,83
2221,2,tackle,86
2224,2,tackle,127
2225,2,tackle,81
2227,2,tackle,114
2229,2,tackle,133
2234,2,tackle,133
2242,2,tackle,87
2246,2,tackle,112
2249,2,tackle,113
2251,2,tackle,92
2253,2,tackle,82
2255,2,tackle,132
2257,2,tackle,90
2258,2,tackle,111
2260,2,tackle,119
2262,2,tackle,122
2263,2,tackle,91
2264,2,tackle,96
2265,2,tackle,119
2266,2,tackle,98
2269,2,tackle,97
2270,2,tackle,114
2277,2,tackle,133
2278,2,tackle,106
2281,2,tackle,92
2285,2,tackle,87
2286,2,tackle,124
2294,2,tackle,111
2298,2,tackle,99
2303,2,tackle,81
2306,2,tackle,114
2308,2,tackle,102
2309,2,tackle,89
2321,2,tackle,103
2323,2,tackle,129
2328,2,tackle,109
2329,2,tackle,133
2333,2,tackle,111
2335,2,tackle,84
2340,2,tackle,128
2342,2,tackle,111
2345,2,tackle,109
2348,2,tackle,86
2350,2,tackle,116
2353,2,tackle,103
2354,2,tackle,86
2355,2,tackle,98
2366,2,tackle,108
2367,2,tackle,133
2371,2,tackle,126
2372,2,tackle,82
2375,2,tackle,94
2376,2,tackle,133
2379,2,tackle,133
2382,2,tackle,88
2384,2,tackle,85
2397,2,tackle,126
2399,2,tackle,114
2403,2,tackle,97
2404,2,tackle,127
2406,2,tackle,107
2418,2,tackle,132
2428,2,tackle,115
2429,2,tackle,121
2433,2,tackle,123
2439,2,tackle,124
2446,2,tackle,106
2448,2,tackle,109
2452,2,tackle,80
2453,2,tackle,112
2455,2,tackle,122
2459,2,tackle,128
2462,2,tackle,132
2465,2,tackle,133
2467,2,tackle,89
2474,2,tackle,123
2476,2,tackle,88
2479,2,tackle,128
2481,2,tackle,117
2485,2,tackle,104
2487,2,tackle,99
2488,2,tackle,95
2491,2,tackle,110
2493,2,tackle,83
2496,2,tackle,123
2508,2,tackle,84
2510,2,tackle,79
2513,2,tackle,85
2514,2,tackle,87
2517,2,tackle,85
2523,2,tackle,81
2525,2,tackle,93
2526,2,tackle,94
2527,2,tackle,123
2529,2,tackle,101
2531,2,tackle,91
2535,2,tackle,124
2538,2,tackle,83
2539,2,tackle,91
2541,2,tackle,128
2542,2,tackle,80
2545,2,tackle,83
2546,2,tackle,89
2550,2,tackle,93
2551,2,tackle,120
2555,2,tackle,110
2556,2,tackle,124
2560,2,tackle,82
2563,2,tackle,131
2565,2,tackle,115
2566,2,tackle,109
2569,2,tackle,96
2575,2,tackle,123
2582,2,tackle,84
2584,2,tackle,114
2585,2,tackle,108
2590,2,tackle,83
2593,2,tackle,128
2594,2,tackle,94
2603,2,tackle,81
2605,2,tackle,79
2607,2,tackle,83
2608,2,tackle,113
2609,2,tackle,120
2611,2,tackle,102
2614,2,tackle,121
2618,2,tackle,98
2621,2,tackle,106
2625,2,tackle,105
2626,2,tackle,106
2627,2,tackle,96
2630,2,tackle,113
2638,2,tackle,105
2643,2,tackle,97
2652,2,tackle,111
2658,2,tackle,101
2659,2,tackle,119
2665,2,tackle,86
2666,2,tackle,109
2671,2,tackle,89
2672,2,tackle,119
2674,2,tackle,109
2676,2,tackle,90
2679,2,tackle,98
2685,2,tackle,126
2687,2,tackle,88
2688,2,tackle,116
2694,2,tackle,118
2696,2,tackle,108
2698,2,tackle,96
2699,2,tackle,96
2705,2,tackle,113
2708,2,tackle,131
2712,2,tackle,109
2713,2,tackle,83
2719,2,tackle,117
2720,2,tackle,93
2725,2,tackle,100
2727,2,tackle,103
2729,2,tackle,114
2732,2,tackle,97
2735,2,tackle,115
2736,2,tackle,97
2737,2,tackle,112
2746,2,tackle,114
2749,2,tackle,101
2750,2,tackle,106
2751,2,tackle,81
2768,2,tackle,83
2769,2,tackle,128
2771,2,tackle,105
2772,2,tackle,90
2780,2,tackle,110
2781,2,tackle,115
2783,2,tackle,132
2785,2,tackle,87
2788,2,tackle,119
2790,2,tackle,123
2795,2,tackle,120
2798,2,tackle,99
2801,2,tackle,91
2802,2,tackle,86
2803,2,tackle,88
2804,2,tackle,95
2806,2,tackle,98
2808,2,tackle,127
2810,2,tackle,111
2814,2,tackle,94
2820,2,tackle,113
2821,2,tackle,120
2824,2,tackle,92
2828,2,tackle,131
2832,2,tackle,113
2833,2,tackle,101
2834,2,tackle,104
2839,2,tackle,123
2840,2,tackle,90
2841,2,tackle,80
2844,2,tackle,93
2845,2,tackle,88
2847,2,tackle,106
2853,2,tackle,95
2856,2,tackle,105
2857,2,tackle,129
2860,2,tackle,104
2861,2,tackle,95
2863,2,tackle,129
2865,2,tackle,130
2866,2,tackle,118
2871,2,tackle,101
2875,2,tackle,101
2876,2,tackle,91
2879,2,tackle,80
2882,2,tackle,86
2883,2,tackle,99
2885,2,tackle,84
2886,2,tackle,94
2887,2,tackle,122
2888,2,tackle,109
2890,2,tackle,122
2891,2,tackle,93
2894,2,tackle,93
2903,2,tackle,89
2908,2,tackle,130
2909,2,tackle,120
2910,2,tackle,128
2918,2,tackle,115
2922,2,tackle,127
2923,2,tackle,121
2925,2,tackle,117
2932,2,tackle,127
2937,2,tackle,102
2940,2,tackle,83
2941,2,tackle,125
2951,2,tackle,120
2952,2,tackle,133
2956,2,tackle,98
2957,2,tackle,101
2962,2,tackle,91
2966,2,tackle,106
2971,2,tackle,82
2974,2,tackle,89
2975,2,tackle,133
2977,2,tackle,110
2987,2,tackle,99
2993,2,tackle,112
2997,2,tackle,101
3000,2,tackle,90
3004,2,tackle,115
3005,2,tackle,107
3012,2,tackle,126
3013,2,tackle,122
3014,2,tackle,133
3015,2,tackle,121
3016,2,tackle,131
3018,2,tackle,94
3020,2,tackle,126
3022,2,tackle,124
3023,2,tackle,118
3029,2,tackle,128
3031,2,tackle,102
3033,2,tackle,98
3034,2,tackle,121
3035,2,tackle,94
3041,2,tackle,102
3046,2,tackle,89
3053,2,tackle,103
3055,2,tackle,86
3056,2,tackle,118
3065,2,tackle,132
3066,2,tackle,89
3067,2,tackle,131
3069,2,tackle,94
3070,2,tackle,90
3077,2,tackle,113
3078,2,tackle,91
3080,2,tackle,85
3083,2,tackle,116
3084,2,tackle,95
3111,2,tackle,102
3118,2,tackle,87
3120,2,tackle,130
3121,2,tackle,83
3123,2,tackle,106
3126,2,tackle,109
3128,2,tackle,124
3130,2,tackle,110
3131,2,tackle,130
3132,2,tackle,126
3139,2,tackle,89
3142,2,tackle,107
3148,2,tackle,94
3150,2,tackle,96
3152,2,tackle,126
3154,2,tackle,131
3155,2,tackle,93
3159,2,tackle,123
3161,2,tackle,96
3165,2,tackle,83
3166,2,tackle,117
3167,2,tackle,94
3172,2,tackle,79
3174,2,tackle,115
3177,2,tackle,81
3178,2,tackle,111
3180,2,tackle,115
3181,2,tackle,105
3185,2,tackle,110
3187,2,tackle,80
3191,2,tackle,122
3195,2,tackle,127
3198,2,tackle,126
3199,2,tackle,95
3203,2,tackle,94
3205,2,tackle,124
3211,2,tackle,110
3212,2,tackle,82
3213,2,tackle,100
3214,2,tackle,129
3219,2,tackle,120
3221,2,tackle,117
3222,2,tackle,79
3229,2,tackle,92
3231,2,tackle,98
3232,2,tackle,102
3233,2,tackle,109
3235,2,tackle,89
3242,2,tackle,83
3243,2,tackle,121
3249,2,tackle,90
3259,2,tackle,117
3260,2,tackle,109
3262,2,tackle,99
3263,2,tackle,107
3268,2,tackle,115
3270,2,tackle,128
3281,2,tackle,109
3282,2,tackle,82
3284,2,tackle,105
3285,2,tackle,111
3294,2,tackle,124
3295,2,tackle,129
3297,2,tackle,101
3298,2,tackle,130
3303,2,tackle,104
3309,2,tackle,98
3313,2,tackle,79
3314,2,tackle,132
3316,2,tackle,91
3319,2,tackle,88
3325,2,tackle,132
3326,2,tackle,82
3335,2,tackle,88
3336,2,tackle,103
3337,2,tackle,127
3338,2,tackle,106
3339,2,tackle,93
3344,2,tackle,83
3345,2,tackle,90
3346,2,tackle,79
3348,2,tackle,131
3349,2,tackle,99
3350,2,tackle,118
3358,2,tackle,87
3362,2,tackle,89
3364,2,tackle,92
3365,2,tackle,87
3367,2,tackle,130
3369,2,tackle,79
3370,2,tackle,89
3373,2,tackle,110
3375,2,tackle,133
3376,2,tackle,84
3383,2,tackle,87
3385,2,tackle,128
3389,2,tackle,123
3403,2,tackle,128
3409,2,tackle,91
3414,2,tackle,132
3421,2,tackle,103
3422,2,tackle,130
3423,2,tackle,101
3425,2,tackle,125
3426,2,tackle,124
3428,2,tackle,91
3429,2,tackle,108
3430,2,tackle,103
3435,2,tackle,112
3436,2,tackle,83
3441,2,tackle,111
3444,2,tackle,82
3448,2,tackle,96
3449,2,tackle,112
3451,2,tackle,96
3459,2,tackle,125
3462,2,tackle,114
3463,2,tackle,89
3467,2,tackle,91
3468,2,tackle,119
3469,2,tackle,111
3474,2,tackle,106
3479,2,tackle,105
3488,2,tackle,79
3497,2,tackle,131
3498,2,tackle,116
3500,2,tackle,79
3501,2,tackle,99
3504,2,tackle,91
3510,2,tackle,88
3512,2,tackle,122
3514,2,tackle,102
3520,2,tackle,80
3522,2,tackle,94
3524,2,tackle,92
3525,2,tackle,87
3526,2,tackle,118
3528,2,tackle,124
3531,2,tackle,89
3534,2,tackle,90
3536,2,tackle,80
3539,2,tackle,81
3540,2,tackle,126
3544,2,tackle,115
3545,2,tackle,100
3552,2,tackle,93
3553,2,tackle,97
3558,2,tackle,79
3574,2,tackle,117
3577,2,tackle,115
3578,2,tackle,118
3583,2,tackle,102
3585,2,tackle,119
3588,2,tackle,118
3592,2,tackle,85
3597,2,tackle,79
3602,2,tackle,97
3608,2,tackle,118
3609,2,tackle,88
3610,2,tackle,115
3618,2,tackle,126
3625,2,tackle,99
3630,2,tackle,103
3632,2,tackle,96
3633,2,tackle,90
3634,2,tackle,86
3636,2,tackle,121
3638,2,tackle,124
3639,2,tackle,100
3642,2,tackle,125
3646,2,tackle,103
3647,2,tackle,126
3652,2,tackle,89
3653,2,tackle,106
3659,2,tackle,123
3660,2,tackle,122
3661,2,tackle,79
3662,2,tackle,94
3663,2,tackle,122
3665,2,tackle,106
3668,2,tackle,105
3669,2,tackle,97
3679,2,tackle,124
3683,2,tackle,126
3685,2,tackle,95
3687,2,tackle,98
3690,2,tackle,95
3696,2,tackle,120
3698,2,tackle,80
3701,2,tackle,126
3703,2,tackle,129
3705,2,tackle,99
3717,2,tackle,79
3719,2,tackle,96
3720,2,tackle,120
3724,2,tackle,82
3729,2,tackle,88
3730,2,tackle,94
3734,2,tackle,97
3743,2,tackle,95
3747,2,tackle,91
3748,2,tackle,107
3751,2,tackle,131
3752,2,tackle,123
3753,2,tackle,133
3759,2,tackle,84
3761,2,tackle,97
3768,2,tackle,129
3769,2,tackle,84
3772,2,tackle,109
3773,2,tackle,96
3780,2,tackle,82
3781,2,tackle,119
3782,2,tackle,113
3789,2,tackle,112
3791,2,tackle,106
3793,2,tackle,123
3796,2,tackle,85
3797,2,tackle,118
3803,2,tackle,98
3804,2,tackle,107
3810,2,tackle,108
3812,2,tackle,105
3813,2,tackle,92
3819,2,tackle,89
3820,2,tackle,89
3821,2,tackle,94
3824,2,tackle,95
3826,2,tackle,107
3827,2,tackle,131
3832,2,tackle,130
3835,2,tackle,118
3839,2,tackle,115
3841,2,tackle,90
3842,2,tackle,92
3845,2,tackle,90
3849,2,tackle,81
3850,2,tackle,126
3855,2,tackle,126
3857,2,tackle,90
3859,2,tackle,116
3861,2,tackle,105
3867,2,tackle,98
3868,2,tackle,125
3869,2,tackle,105
3873,2,tackle,122
3874,2,tackle,101
3878,2,tackle,102
3883,2,tackle,111
3885,2,tackle,92
3888,2,tackle,119
3889,2,tackle,98
3891,2,tackle,131
3893,2,tackle,107
3896,2,tackle,128
3898,2,tackle,105
3900,2,tackle,124
3903,2,tackle,100
3904,2,tackle,94
3918,2,tackle,101
3928,2,tackle,94
3936,2,tackle,126
3940,2,tackle,124
3943,2,tackle,102
3945,2,tackle,120
3946,2,tackle,133
3947,2,tackle,84
3953,2,tackle,122
3954,2,tackle,89
3961,2,tackle,124
3971,2,tackle,123
3974,2,tackle,92
3975,2,tackle,83
3977,2,tackle,114
3978,2,tackle,97
3981,2,tackle,92
3983,2,tackle,109
3987,2,tackle,95
3989,2,tackle,116
3990,2,tackle,82
3991,2,tackle,112
3993,2,tackle,130
3997,2,tackle,130
3999,2,tackle,123
4000,2,tackle,86
4001,2,tackle,108
4004,2,tackle,96
4010,2,tackle,81
4013,2,tackle,116
4014,2,tackle,124
4016,2,tackle,120
4017,2,tackle,83
4019,2,tackle,90
4021,2,tackle,132
4022,2,tackle,86
5,2,tackle,93
10,2,tackle,185
21,2,tackle,160
22,2,tackle,91
24,2,tackle,162
26,2,tackle,106
27,2,tackle,93
32,2,tackle,168
34,2,tackle,118
35,2,tackle,111
43,2,tackle,174
46,2,tackle,158
47,2,tackle,186
48,2,tackle,91
52,2,tackle,87
57,2,tackle,123
71,2,tackle,116
72,2,tackle,104
79,2,tackle,190
81,2,tackle,184
82,2,tackle,109
85,2,tackle,155
87,2,tackle,90
90,2,tackle,171
92,2,tackle,194
93,2,tackle,121
94,2,tackle,150
104,2,tackle,157
105,2,tackle,120
110,2,tackle,92
111,2,tackle,150
115,2,tackle,185
116,2,tackle,149
117,2,tackle,187
118,2,tackle,115
119,2,tackle,181
125,2,tackle,164
128,2,tackle,124
133,2,tackle,158
143,2,tackle,167
144,2,tackle,138
145,2,tackle,150
147,2,tackle,194
148,2,tackle,171
149,2,tackle,177
152,2,tackle,119
153,2,tackle,192
155,2,tackle,152
157,2,tackle,129
161,2,tackle,161
162,2,tackle,160
163,2,tackle,116
168,2,tackle,166
176,2,tackle,94
177,2,tackle,142
178,2,tackle,194
179,2,tackle,176
182,2,tackle,98
184,2,tackle,117
188,2,tackle,130
195,2,tackle,132
200,2,tackle,166
204,2,tackle,131
205,2,tackle,153
207,2,tackle,172
209,2,tackle,160
214,2,tackle,180
215,2,tackle,174
216,2,tackle,103
218,2,tackle,128
224,2,tackle,165
229,2,tackle,170
234,2,tackle,110
236,2,tackle,103
243,2,tackle,103
250,2,tackle,100
253,2,tackle,111
258,2,tackle,160
259,2,tackle,191
263,2,tackle,169
264,2,tackle,139
266,2,tackle,177
267,2,tackle,188
268,2,tackle,170
269,2,tackle,162
270,2,tackle,183
272,2,tackle,186
276,2,tackle,179
282,2,tackle,102
283,2,tackle,168
286,2,tackle,181
289,2,tackle,174
291,2,tackle,178
292,2,tackle,164
294,2,tackle,110
295,2,tackle,150
296,2,tackle,115
298,2,tackle,176
301,2,tackle,162
302,2,tackle,152
306,2,tackle,180
307,2,tackle,92
313,2,tackle,112
314,2,tackle,145
316,2,tackle,186
320,2,tackle,195
324,2,tackle,177
329,2,tackle,102
331,2,tackle,116
334,2,tackle,150
336,2,tackle,155
337,2,tackle,159
338,2,tackle,178
339,2,tackle,114
340,2,tackle,162
342,2,tackle,141
344,2,tackle,158
345,2,tackle,191
346,2,tackle,185
349,2,tackle,167
354,2,tackle,188
357,2,tackle,162
363,2,tackle,138
366,2,tackle,167
368,2,tackle,103
371,2,tackle,93
372,2,tackle,107
373,2,tackle,95
378,2,tackle,180
380,2,tackle,166
384,2,tackle,104
386,2,tackle,134
387,2,tackle,169
388,2,tackle,138
389,2,tackle,190
392,2,tackle,102
393,2,tackle,189
399,2,tackle,154
401,2,tackle,189
409,2,tackle,127
411,2,tackle,191
416,2,tackle,96
419,2,tackle,187
423,2,tackle,168
431,2,tackle,154
434,2,tackle,134
439,2,tackle,105
442,2,tackle,138
444,2,tackle,154
445,2,tackle,130
449,2,tackle,99
452,2,tackle,185
454,2,tackle,152
455,2,tackle,94
458,2,tackle,132
464,2,tackle,115
465,2,tackle,120
470,2,tackle,149
472,2,tackle,146
474,2,tackle,87
478,2,tackle,179
480,2,tackle,106
481,2,tackle,98
491,2,tackle,88
492,2,tackle,96
496,2,tackle,161
497,2,tackle,127
501,2,tackle,188
502,2,tackle,126
510,2,tackle,130
512,2,tackle,128
513,2,tackle,152
515,2,tackle,113
516,2,tackle,156
520,2,tackle,139
527,2,tackle,184
531,2,tackle,186
532,2,tackle,95
533,2,tackle,133
538,2,tackle,120
539,2,tackle,130
540,2,tackle,163
543,2,tackle,100
546,2,tackle,148
551,2,tackle,106
553,2,tackle,175
554,2,tackle,190
560,2,tackle,169
562,2,tackle,100
574,2,tackle,137
576,2,tackle,87
584,2,tackle,159
587,2,tackle,137
589,2,tackle,176
592,2,tackle,183
593,2,tackle,111
597,2,tackle,141
599,2,tackle,128
602,2,tackle,151
603,2,tackle,129
608,2,tackle,152
613,2,tackle,133
627,2,tackle,138
637,2,tackle,170
642,2,tackle,181
643,2,tackle,89
644,2,tackle,155
646,2,tackle,190
647,2,tackle,144
658,2,tackle,108
671,2,tackle,105
673,2,tackle,134
675,2,tackle,120
676,2,tackle,158
677,2,tackle,173
680,2,tackle,98
683,2,tackle,194
685,2,tackle,87
686,2,tackle,115
687,2,tackle,90
690,2,tackle,93
694,2,tackle,181
696,2,tackle,130
698,2,tackle,178
699,2,tackle,181
700,2,tackle,119
704,2,tackle,123
705,2,tackle,169
710,2,tackle,95
714,2,tackle,152
719,2,tackle,193
724,2,tackle,89
725,2,tackle,143
726,2,tackle,170
732,2,tackle,162
737,2,tackle,120
739,2,tackle,145
741,2,tackle,193
742,2,tackle,148
744,2,tackle,180
748,2,tackle,113
760,2,tackle,171
762,2,tackle,92
771,2,tackle,155
772,2,tackle,104
776,2,tackle,182
780,2,tackle,167
781,2,tackle,119
785,2,tackle,122
788,2,tackle,126
789,2,tackle,113
790,2,tackle,185
793,2,tackle,104
794,2,tackle,171
795,2,tackle,153
799,2,tackle,187
803,2,tackle,162
804,2,tackle,168
807,2,tackle,116
809,2,tackle,111
812,2,tackle,95
814,2,tackle,155
815,2,tackle,171
816,2,tackle,138
817,2,tackle,91
818,2,tackle,94
819,2,tackle,183
825,2,tackle,182
826,2,tackle,128
827,2,tackle,188
832,2,tackle,127
835,2,tackle,175
837,2,tackle,157
838,2,tackle,193
843,2,tackle,190
845,2,tackle,190
846,2,tackle,105
849,2,tackle,110
854,2,tackle,111
856,2,tackle,185
857,2,tackle,130
859,2,tackle,138
860,2,tackle,163
865,2,tackle,168
867,2,tackle,132
870,2,tackle,137
879,2,tackle,163
883,2,tackle,99
884,2,tackle,196
887,2,tackle,173
890,2,tackle,99
895,2,tackle,133
896,2,tackle,161
900,2,tackle,121
901,2,tackle,190
903,2,tackle,166
908,2,tackle,179
909,2,tackle,179
910,2,tackle,194
913,2,tackle,141
916,2,tackle,91
917,2,tackle,97
923,2,tackle,134
929,2,tackle,177
943,2,tackle,155
945,2,tackle,140
951,2,tackle,159
955,2,tackle,97
956,2,tackle,103
959,2,tackle,102
960,2,tackle,134
961,2,tackle,196
964,2,tackle,185
965,2,tackle,167
968,2,tackle,101
969,2,tackle,87
970,2,tackle,169
973,2,tackle,172
977,2,tackle,138
984,2,tackle,152
985,2,tackle,112
990,2,tackle,122
992,2,tackle,90
993,2,tackle,177
994,2,tackle,170
996,2,tackle,132
998,2,tackle,156
999,2,tackle,192
1001,2,tackle,191
1005,2,tackle,169
1006,2,tackle,190
1011,2,tackle,107
1015,2,tackle,141
1019,2,tackle,192
1022,2,tackle,136
1023,2,tackle,107
1024,2,tackle,98
1026,2,tackle,108
1028,2,tackle,154
1029,2,tackle,181
1031,2,tackle,89
1032,2,tackle,167
1033,2,tackle,151
1039,2,tackle,91
1040,2,tackle,161
1043,2,tackle,197
1044,2,tackle,180
1052,2,tackle,119
1053,2,tackle,125
1056,2,tackle,103
1057,2,tackle,121
1059,2,tackle,158
1060,2,tackle,89
1064,2,tackle,187
1067,2,tackle,114
1068,2,tackle,93
1070,2,tackle,154
1071,2,tackle,134
1075,2,tackle,152
1076,2,tackle,138
1087,2,tackle,124
1089,2,tackle,168
1091,2,tackle,172
1096,2,tackle,153
1097,2,tackle,86
1098,2,tackle,98
1099,2,tackle,191
1103,2,tackle,89
1104,2,tackle,191
1107,2,tackle,140
1111,2,tackle,155
1117,2,tackle,87
1120,2,tackle,92
1122,2,tackle,161
1127,2,tackle,107
1128,2,tackle,87
1132,2,tackle,196
1135,2,tackle,161
1136,2,tackle,97
1141,2,tackle,147
1143,2,tackle,162
1145,2,tackle,102
1148,2,tackle,191
1149,2,tackle,170
1151,2,tackle,171
1155,2,tackle,194
1157,2,tackle,149
1164,2,tackle,157
1166,2,tackle,119
1168,2,tackle,110
1169,2,tackle,176
1172,2,tackle,148
1174,2,tackle,145
1178,2,tackle,88
1183,2,tackle,174
1186,2,tackle,152
1187,2,tackle,174
1190,2,tackle,154
1193,2,tackle,173
1194,2,tackle,195
1195,2,tackle,118
1196,2,tackle,90
1197,2,tackle,162
1202,2,tackle,149
1204,2,tackle,151
1206,2,tackle,103
1207,2,tackle,147
1210,2,tackle,148
1221,2,tackle,169
1230,2,tackle,98
1231,2,tackle,122
1238,2,tackle,128
1243,2,tackle,150
1247,2,tackle,110
1249,2,tackle,134
1250,2,tackle,116
1251,2,tackle,93
1256,2,tackle,90
1259,2,tackle,102
1260,2,tackle,165
1261,2,tackle,178
1266,2,tackle,152
1270,2,tackle,144
1273,2,tackle,87
1274,2,tackle,170
1281,2,tackle,179
1285,2,tackle,112
1287,2,tackle,103
1291,2,tackle,174
1295,2,tackle,125
1298,2,tackle,134
1300,2,tackle,111
1301,2,tackle,89
1302,2,tackle,158
1304,2,tackle,169
1306,2,tackle,187
1308,2,tackle,165
1311,2,tackle,133
1313,2,tackle,109
1315,2,tackle,180
1317,2,tackle,86
1323,2,tackle,91
1325,2,tackle,102
1327,2,tackle,124
1333,2,tackle,89
1334,2,tackle,164
1339,2,tackle,108
1341,2,tackle,94
1342,2,tackle,115
1345,2,tackle,156
1348,2,tackle,172
1349,2,tackle,138
1350,2,tackle,180
1351,2,tackle,176
1353,2,tackle,96
1354,2,tackle,109
1361,2,tackle,175
1363,2,tackle,127
1365,2,tackle,125
1370,2,tackle,148
1374,2,tackle,138
1381,2,tackle,135
1383,2,tackle,169
1389,2,tackle,133
1397,2,tackle,178
1400,2,tackle,176
1406,2,tackle,180
1415,2,tackle,141
1416,2,tackle,191
1426,2,tackle,130
1431,2,tackle,94
1432,2,tackle,182
1433,2,tackle,123
1434,2,tackle,130
1437,2,tackle,157
1442,2,tackle,169
1445,2,tackle,93
1452,2,tackle,113
1455,2,tackle,121
1457,2,tackle,102
1461,2,tackle,129
1470,2,tackle,156
1471,2,tackle,194
1472,2,tackle,169
1473,2,tackle,187
1474,2,tackle,186
1475,2,tackle,154
1477,2,tackle,97
1481,2,tackle,134
1482,2,tackle,94
1486,2,tackle,89
1492,2,tackle,178
1493,2,tackle,118
1495,2,tackle,127
1496,2,tackle,143
1497,2,tackle,115
1502,2,tackle,101
1504,2,tackle,162
1506,2,tackle,117
1522,2,tackle,154
1523,2,tackle,137
1524,2,tackle,191
1525,2,tackle,152
1527,2,tackle,153
1528,2,tackle,194
1529,2,tackle,133
1531,2,tackle,148
1533,2,tackle,117
1534,2,tackle,146
1535,2,tackle,114
1538,2,tackle,124
1542,2,tackle,94
1545,2,tackle,174
1547,2,tackle,191
1553,2,tackle,97
1556,2,tackle,149
1558,2,tackle,187
1561,2,tackle,168
1562,2,tackle,112
1565,2,tackle,139
1569,2,tackle,193
1570,2,tackle,112
1572,2,tackle,154
1577,2,tackle,150
1578,2,tackle,145
1579,2,tackle,103
1582,2,tackle,105
1583,2,tackle,195
1587,2,tackle,131
1588,2,tackle,144
1600,2,tackle,165
1606,2,tackle,96
1609,2,tackle,182
1612,2,tackle,127
1614,2,tackle,196
1617,2,tackle,144
1618,2,tackle,114
1619,2,tackle,139
1620,2,tackle,156
1624,2,tackle,115
1630,2,tackle,166
1631,2,tackle,134
1632,2,tackle,155
1634,2,tackle,135
1646,2,tackle,118
1649,2,tackle,182
1654,2,tackle,167
1655,2,tackle,86
1660,2,tackle,187
1661,2,tackle,104
1663,2,tackle,112
1671,2,tackle,93
1673,2,tackle,90
1685,2,tackle,95
1686,2,tackle,139
1689,2,tackle,109
1691,2,tackle,166
1695,2,tackle,195
1696,2,tackle,94
1699,2,tackle,97
1700,2,tackle,131
1702,2,tackle,89
1703,2,tackle,101
1710,2,tackle,139
1713,2,tackle,115
1714,2,tackle,154
1720,2,tackle,88
1725,2,tackle,158
1731,2,tackle,195
1732,2,tackle,191
1736,2,tackle,194
1740,2,tackle,141
1741,2,tackle,140
1744,2,tackle,123
1749,2,tackle,108
1751,2,tackle,167
1754,2,tackle,163
1757,2,tackle,112
1760,2,tackle,100
1762,2,tackle,123
1765,2,tackle,101
1766,2,tackle,162
1772,2,tackle,101
1774,2,tackle,123
1775,2,tackle,154
1776,2,tackle,171
1781,2,tackle,152
1784,2,tackle,131
1785,2,tackle,148
1786,2,tackle,172
1791,2,tackle,179
1793,2,tackle,174
1796,2,tackle,150
1797,2,tackle,185
1801,2,tackle,103
1804,2,tackle,86
1805,2,tackle,181
1807,2,tackle,110
1812,2,tackle,134
1813,2,tackle,177
1817,2,tackle,167
1826,2,tackle,105
1828,2,tackle,94
1833,2,tackle,170
1835,2,tackle,119
1837,2,tackle,113
1838,2,tackle,192
1842,2,tackle,141
1845,2,tackle,88
1846,2,tackle,179
1848,2,tackle,87
1851,2,tackle,165
1860,2,tackle,129
1861,2,tackle,147
1862,2,tackle,185
1865,2,tackle,93
1866,2,tackle,173
1871,2,tackle,113
1876,2,tackle,100
1878,2,tackle,162
1879,2,tackle,111
1882,2,tackle,174
1884,2,tackle,188
1885,2,tackle,164
1898,2,tackle,153
1905,2,tackle,174
1913,2,tackle,184
1917,2,tackle,146
1922,2,tackle,131
1923,2,tackle,169
1927,2,tackle,168
1928,2,tackle,92
1930,2,tackle,134
1932,2,tackle,169
1934,2,tackle,179
1935,2,tackle,109
1936,2,tackle,90
1939,2,tackle,192
1940,2,tackle,183
1942,2,tackle,122
1946,2,tackle,113
1948,2,tackle,152
1951,2,tackle,196
1956,2,tackle,161
1958,2,tackle,178
1962,2,tackle,144
1966,2,tackle,118
1967,2,tackle,144
1969,2,tackle,126
1970,2,tackle,183
1978,2,tackle,112
1979,2,tackle,104
1986,2,tackle,154
1987,2,tackle,153
1988,2,tackle,98
1990,2,tackle,114
1991,2,tackle,161
1995,2,tackle,126
1997,2,tackle,169
2002,2,tackle,179
2005,2,tackle,194
2007,2,tackle,121
2020,2,tackle,133
2021,2,tackle,196
2030,2,tackle,191
2034,2,tackle,119
2035,2,tackle,185
2038,2,tackle,113
2040,2,tackle,123
2041,2,tackle,97
2042,2,tackle,99
2044,2,tackle,141
2045,2,tackle,91
2050,2,tackle,184
2056,2,tackle,92
2058,2,tackle,131
2061,2,tackle,170
2064,2,tackle,194
2065,2,tackle,95
2067,2,tackle,184
2070,2,tackle,116
2072,2,tackle,103
2074,2,tackle,157
2088,2,tackle,153
2089,2,tackle,195
2093,2,tackle,170
2098,2,tackle,177
2107,2,tackle,194
2109,2,tackle,184
2110,2,tackle,98
2117,2,tackle,104
2119,2,tackle,189
2126,2,tackle,108
2128,2,tackle,162
2129,2,tackle,109
2133,2,tackle,106
2137,2,tackle,181
2139,2,tackle,99
2140,2,tackle,151
2143,2,tackle,162
2147,2,tackle,177
2152,2,tackle,140
2161,2,tackle,124
2163,2,tackle,94
2166,2,tackle,138
2172,2,tackle,96
2174,2,tackle,131
2180,2,tackle,105
2185,2,tackle,129
2186,2,tackle,133
2187,2,tackle,99
2188,2,tackle,174
2190,2,tackle,156
2196,2,tackle,158
2197,2,tackle,98
2198,2,tackle,117
2201,2,tackle,152
2202,2,tackle,132
2210,2,tackle,118
2211,2,tackle,86
2214,2,tackle,90
2215,2,tackle,131
2216,2,tackle,158
2219,2,tackle,94
2223,2,tackle,90
2225,2,tackle,153
2227,2,tackle,155
2232,2,tackle,187
2234,2,tackle,107
2235,2,tackle,128
2239,2,tackle,179
2240,2,tackle,141
2243,2,tackle,143
2244,2,tackle,120
2248,2,tackle,117
2249,2,tackle,131
2252,2,tackle,114
2254,2,tackle,135
2259,2,tackle,113
2261,2,tackle,101
2267,2,tackle,104
2269,2,tackle,115
2272,2,tackle,170
2273,2,tackle,164
2276,2,tackle,107
2279,2,tackle,146
2283,2,tackle,122
2287,2,tackle,126
2288,2,tackle,192
2289,2,tackle,135
2290,2,tackle,150
2292,2,tackle,111
2295,2,tackle,145
2297,2,tackle,193
2299,2,tackle,112
2303,2,tackle,146
2304,2,tackle,94
2305,2,tackle,175
2306,2,tackle,145
2308,2,tackle,149
2309,2,tackle,117
2310,2,tackle,95
2311,2,tackle,139
2319,2,tackle,158
2321,2,tackle,118
2322,2,tackle,174
2329,2,tackle,110
2331,2,tackle,186
2332,2,tackle,162
2333,2,tackle,193
2335,2,tackle,157
2338,2,tackle,192
2339,2,tackle,159
2347,2,tackle,140
2352,2,tackle,153
2354,2,tackle,170
2356,2,tackle,109
2359,2,tackle,134
2361,2,tackle,183
2362,2,tackle,183
2368,2,tackle,191
2371,2,tackle,123
2373,2,tackle,173
2374,2,tackle,102
2375,2,tackle,106
2379,2,tackle,192
2384,2,tackle,166
2385,2,tackle,88
2392,2,tackle,130
2396,2,tackle,183
2400,2,tackle,174
2405,2,tackle,96
2406,2,tackle,159
2408,2,tackle,115
2412,2,tackle,134
2417,2,tackle,150
2418,2,tackle,179
2420,2,tackle,132
2421,2,tackle,92
2431,2,tackle,122
2435,2,tackle,140
2439,2,tackle,120
2444,2,tackle,197
2451,2,tackle,164
2459,2,tackle,183
2460,2,tackle,191
2461,2,tackle,193
2465,2,tackle,181
2470,2,tackle,111
2475,2,tackle,120
2478,2,tackle,149
2479,2,tackle,99
2492,2,tackle,197
2493,2,tackle,149
2496,2,tackle,195
2499,2,tackle,112
2500,2,tackle,138
2501,2,tackle,183
2504,2,tackle,146
2509,2,tackle,143
2511,2,tackle,93
2513,2,tackle,158
2514,2,tackle,134
2517,2,tackle,86
2519,2,tackle,138
2521,2,tackle,189
2527,2,tackle,98
2529,2,tackle,190
2542,2,tackle,87
2545,2,tackle,177
2546,2,tackle,177
2550,2,tackle,93
2552,2,tackle,102
2555,2,tackle,92
2557,2,tackle,137
2559,2,tackle,160
2561,2,tackle,115
2565,2,tackle,160
2570,2,tackle,90
2572,2,tackle,166
2573,2,tackle,144
2574,2,tackle,177
2575,2,tackle,124
2582,2,tackle,155
2585,2,tackle,106
2587,2,tackle,91
2589,2,tackle,106
2590,2,tackle,126
2602,2,tackle,143
2603,2,tackle,123
2605,2,tackle,149
2606,2,tackle,184
2611,2,tackle,159
2617,2,tackle,194
2619,2,tackle,102
2620,2,tackle,128
2621,2,tackle,106
2626,2,tackle,101
2630,2,tackle,130
2631,2,tackle,118
2634,2,tackle,175
2635,2,tackle,146
2637,2,tackle,121
2638,2,tackle,138
2641,2,tackle,193
2642,2,tackle,149
2645,2,tackle,91
2646,2,tackle,141
2648,2,tackle,160
2654,2,tackle,106
2655,2,tackle,173
2658,2,tackle,184
2659,2,tackle,188
2666,2,tackle,142
2667,2,tackle,164
2675,2,tackle,97
2676,2,tackle,193
2677,2,tackle,166
2678,2,tackle,115
2679,2,tackle,180
2683,2,tackle,110
2689,2,tackle,161
2691,2,tackle,150
2702,2,tackle,153
2708,2,tackle,155
2709,2,tackle,88
2711,2,tackle,175
2716,2,tackle,172
2717,2,tackle,178
2718,2,tackle,191
2724,2,tackle,122
2728,2,tackle,161
2731,2,tackle,154
2733,2,tackle,165
2735,2,tackle,87
2739,2,tackle,187
2741,2,tackle,149
2742,2,tackle,179
2744,2,tackle,171
2750,2,tackle,149
2758,2,tackle,125
2763,2,tackle,151
2766,2,tackle,193
2767,2,tackle,189
2768,2,tackle,100
2776,2,tackle,185
2777,2,tackle,130
2778,2,tackle,148
2783,2,tackle,158
2784,2,tackle,93
2786,2,tackle,100
2789,2,tackle,92
2794,2,tackle,148
2795,2,tackle,129
2798,2,tackle,155
2799,2,tackle,105
2804,2,tackle,186
2805,2,tackle,114
2806,2,tackle,171
2812,2,tackle,124
2817,2,tackle,148
2818,2,tackle,91
2822,2,tackle,159
2828,2,tackle,154
2830,2,tackle,145
2833,2,tackle,166
2834,2,tackle,149
2836,2,tackle,173
2838,2,tackle,134
2840,2,tackle,176
2843,2,tackle,153
2846,2,tackle,109
2848,2,tackle,191
2856,2,tackle,153
2858,2,tackle,92
2862,2,tackle,121
2864,2,tackle,117
2868,2,tackle,188
2870,2,tackle,175
2871,2,tackle,118
2873,2,tackle,141
2874,2,tackle,181
2882,2,tackle,130
2885,2,tackle,164
2891,2,tackle,105
2897,2,tackle,160
2902,2,tackle,190
2905,2,tackle,168
2909,2,tackle,146
2910,2,tackle,89
2911,2,tackle,96
2919,2,tackle,162
2923,2,tackle,172
2924,2,tackle,128
2928,2,tackle,178
2930,2,tackle,148
2932,2,tackle,195
2933,2,tackle,121
2934,2,tackle,151
2935,2,tackle,123
2940,2,tackle,116
2942,2,tackle,189
2943,2,tackle,136
2945,2,tackle,166
2947,2,tackle,144
2948,2,tackle,194
2952,2,tackle,189
2956,2,tackle,86
2958,2,tackle,194
2963,2,tackle,116
2970,2,tackle,146
2975,2,tackle,130
2977,2,tackle,167
2978,2,tackle,145
2981,2,tackle,122
2985,2,tackle,130
2988,2,tackle,100
2991,2,tackle,114
2992,2,tackle,91
2995,2,tackle,184
2996,2,tackle,121
2998,2,tackle,114
3000,2,tackle,148
3001,2,tackle,190
3004,2,tackle,103
3006,2,tackle,188
3011,2,tackle,153
3013,2,tackle,139
3014,2,tackle,184
3015,2,tackle,159
3017,2,tackle,98
3019,2,tackle,105
3024,2,tackle,141
3026,2,tackle,191
3028,2,tackle,135
3030,2,tackle,156
3031,2,tackle,170
3035,2,tackle,186
3036,2,tackle,109
3041,2,tackle,89
3045,2,tackle,130
3054,2,tackle,151
3056,2,tackle,136
3057,2,tackle,166
3062,2,tackle,103
3064,2,tackle,89
3065,2,tackle,147
3066,2,tackle,182
3067,2,tackle,135
3072,2,tackle,96
3077,2,tackle,157
3079,2,tackle,106
3082,2,tackle,193
3084,2,tackle,127
3086,2,tackle,129
3088,2,tackle,103
3090,2,tackle,188
3092,2,tackle,138
3096,2,tackle,137
3098,2,tackle,123
3104,2,tackle,153
3110,2,tackle,188
3113,2,tackle,86
3115,2,tackle,145
3117,2,tackle,108
3119,2,tackle,195
3120,2,tackle,168
3121,2,tackle,175
3122,2,tackle,147
3125,2,tackle,108
3131,2,tackle,126
3132,2,tackle,133
3138,2,tackle,89
3141,2,tackle,115
3144,2,tackle,96
3145,2,tackle,121
3156,2,tackle,152
3159,2,tackle,160
3165,2,tackle,87
3171,2,tackle,123
3173,2,tackle,180
3178,2,tackle,120
3182,2,tackle,177
3183,2,tackle,136
3186,2,tackle,93
3187,2,tackle,159
3192,2,tackle,106
3195,2,tackle,95
3196,2,tackle,153
3197,2,tackle,103
3200,2,tackle,99
3202,2,tackle,104
3204,2,tackle,155
3205,2,tackle,103
3208,2,tackle,183
3211,2,tackle,190
3223,2,tackle,168
3227,2,tackle,93
3229,2,tackle,95
3231,2,tackle,90
3235,2,tackle,130
3240,2,tackle,137
3242,2,tackle,189
3243,2,tackle,193
3244,2,tackle,161
3249,2,tackle,115
3250,2,tackle,164
3251,2,tackle,160
3252,2,tackle,107
3253,2,tackle,191
3254,2,tackle,114
3261,2,tackle,132
3262,2,tackle,191
3264,2,tackle,118
3267,2,tackle,170
3273,2,tackle,134
3277,2,tackle,148
3280,2,tackle,86
3287,2,tackle,185
3294,2,tackle,116
3296,2,tackle,188
3300,2,tackle,156
3305,2,tackle,149
3310,2,tackle,87
3312,2,tackle,186
3313,2,tackle,154
3317,2,tackle,143
3319,2,tackle,107
3320,2,tackle,159
3322,2,tackle,124
3323,2,tackle,173
3324,2,tackle,170
3330,2,tackle,125
3331,2,tackle,115
3332,2,tackle,127
3333,2,tackle,97
3343,2,tackle,133
3348,2,tackle,110
3352,2,tackle,130
3354,2,tackle,175
3357,2,tackle,149
3359,2,tackle,125
3364,2,tackle,111
3365,2,tackle,132
3372,2,tackle,97
3378,2,tackle,193
3383,2,tackle,153
3387,2,tackle,172
3388,2,tackle,181
3401,2,tackle,158
3405,2,tackle,150
3407,2,tackle,156
3412,2,tackle,91
3413,2,tackle,139
3415,2,tackle,122
3416,2,tackle,111
3424,2,tackle,131
3427,2,tackle,121
3430,2,tackle,169
3433,2,tackle,125
3434,2,tackle,92
3436,2,tackle,110
3438,2,tackle,187
3439,2,tackle,170
3442,2,tackle,97
3446,2,tackle,88
3449,2,tackle,145
3451,2,tackle,159
3453,2,tackle,168
3455,2,tackle,113
3456,2,tackle,196
3458,2,tackle,112
3472,2,tackle,113
3482,2,tackle,143
3489,2,tackle,110
3490,2,tackle,197
3493,2,tackle,104
3494,2,tackle,130
3496,2,tackle,97
3497,2,tackle,195
3502,2,tackle,173
3505,2,tackle,180
3511,2,tackle,160
3513,2,tackle,96
3515,2,tackle,166
3519,2,tackle,119
3524,2,tackle,190
3529,2,tackle,116
3530,2,tackle,112
3532,2,tackle,131
3537,2,tackle,155
3549,2,tackle,100
3554,2,tackle,108
3555,2,tackle,117
3556,2,tackle,88
3558,2,tackle,119
3560,2,tackle,173
3562,2,tackle,165
3563,2,tackle,88
3564,2,tackle,168
3565,2,tackle,119
